# model_id: 98
# scene-count: 1
# substeps: 100
# Using ./resources/square_bowl000.obj
# Using ./resources/square_bowl001.obj
# Using ./resources/square_bowl002.obj
# Using ./resources/square_bowl003.obj
# Using ./resources/square_bowl004.obj
# Using ./resources/square_bowl005.obj
# Using ./resources/square_bowl006.obj
# Using ./resources/square_bowl007.obj
# Using ./resources/square_bowl008.obj
# Body count: 15
# Constraint count: 0
# Gravity: [0.000000 0.000000 -980.000000]
# Ground size: 20.000000
# Time Step: 0.010000
# End Time: 1.000000
# Steps: 100
# Substeps: 100
# Iterations: ->5 <-25
# Running on CPU #
# Starting 1 threads and sims = 1
Step 0
0 -0.000004 -0.000013 0.427276 r 0.000000 0.000000 0.000000 1.000000
1 -0.000004 -0.000013 1.077276 r 0.000000 0.000000 0.000000 1.000000
2 -0.000004 -0.000013 1.727275 r 0.000000 0.000000 0.000000 1.000000
3 -0.000004 -0.000013 2.377275 r 0.000000 0.000000 0.000000 1.000000
4 -0.000004 -0.000013 3.027275 r 0.000000 0.000000 0.000000 1.000000
5 -0.000004 -0.000013 3.677275 r 0.000000 0.000000 0.000000 1.000000
6 -0.000004 -0.000013 4.327275 r 0.000000 0.000000 0.000000 1.000000
7 -0.000004 -0.000013 4.977275 r 0.000000 0.000000 0.000000 1.000000
8 -0.000004 -0.000013 5.627275 r 0.000000 0.000000 0.000000 1.000000
9 -0.000004 -0.000013 6.277275 r 0.000000 0.000000 0.000000 1.000000
10 -0.000004 -0.000013 6.927276 r 0.000000 0.000000 0.000000 1.000000
11 -0.000004 -0.000013 7.577275 r 0.000000 0.000000 0.000000 1.000000
12 -0.000004 -0.000013 8.227276 r 0.000000 0.000000 0.000000 1.000000
13 -0.000004 -0.000013 8.877275 r 0.000000 0.000000 0.000000 1.000000
14 -0.000004 -0.000013 9.527275 r 0.000000 0.000000 0.000000 1.000000
Step 1
0 0.000018 0.000006 0.418718 r 0.000098 0.000175 0.000002 1.000000
1 0.000233 -0.000118 1.043857 r 0.000090 0.000183 0.000000 1.000000
2 0.000464 -0.000225 1.668980 r 0.000080 0.000189 -0.000001 1.000000
3 0.000701 -0.000323 2.294092 r 0.000078 0.000189 -0.000002 1.000000
4 -0.000004 -0.000013 2.928295 r 0.000000 0.000000 0.000000 1.000000
5 -0.000004 -0.000013 3.578295 r 0.000000 0.000000 0.000000 1.000000
6 -0.000004 -0.000013 4.228295 r 0.000000 0.000000 0.000000 1.000000
7 -0.000004 -0.000013 4.878295 r 0.000000 0.000000 0.000000 1.000000
8 -0.000004 -0.000013 5.528296 r 0.000000 0.000000 0.000000 1.000000
9 -0.000004 -0.000013 6.178295 r 0.000000 0.000000 0.000000 1.000000
10 -0.000004 -0.000013 6.828296 r 0.000000 0.000000 0.000000 1.000000
11 -0.000004 -0.000013 7.478295 r 0.000000 0.000000 0.000000 1.000000
12 -0.000004 -0.000013 8.128296 r 0.000000 0.000000 0.000000 1.000000
13 -0.000004 -0.000013 8.778296 r 0.000000 0.000000 0.000000 1.000000
14 -0.000004 -0.000013 9.428295 r 0.000000 0.000000 0.000000 1.000000
Residuals: 8.819945
Step 2
0 0.000011 0.000030 0.418560 r -0.000100 0.000090 -0.000005 1.000000
1 0.000129 0.000176 1.043698 r -0.000123 0.000095 -0.000003 1.000000
2 0.000337 0.000227 1.668738 r 0.000037 0.000180 -0.000006 1.000000
3 0.000620 0.000127 2.293630 r 0.000188 0.000228 -0.000000 1.000000
4 0.000217 0.000914 2.917400 r 0.000511 -0.000070 -0.000015 1.000000
5 0.000046 0.000304 3.541904 r 0.000409 0.000050 -0.000012 1.000000
6 0.000058 -0.000363 4.167078 r 0.000256 0.000127 0.000026 1.000000
7 0.000218 -0.000717 4.792201 r 0.000121 0.000121 0.000022 1.000000
8 0.000329 -0.000777 5.417353 r -0.000049 0.000074 0.000004 1.000000
9 0.000344 -0.000654 6.042500 r -0.000142 -0.000002 -0.000003 1.000000
10 0.000309 -0.000418 6.667650 r -0.000212 -0.000042 0.000001 1.000000
11 0.000241 -0.000133 7.292794 r -0.000234 -0.000064 0.000003 1.000000
12 -0.000004 -0.000013 7.930336 r 0.000000 0.000000 0.000000 1.000000
13 -0.000004 -0.000013 8.580336 r 0.000000 0.000000 0.000000 1.000000
14 -0.000004 -0.000013 9.230335 r 0.000000 0.000000 0.000000 1.000000
Residuals: 16.082575
Step 3
0 0.000241 0.000022 0.419987 r -0.000211 0.000837 -0.000011 1.000000
1 0.001285 0.000285 1.045411 r -0.000196 0.000786 -0.000008 1.000000
2 0.002211 0.000273 1.672248 r 0.000164 0.000487 -0.000002 1.000000
3 0.002735 0.000250 2.298922 r 0.000117 0.000164 0.000019 1.000000
4 0.002053 0.001376 2.925838 r 0.000316 -0.000503 0.000012 1.000000
5 0.001478 0.001219 3.552366 r 0.000249 -0.000261 0.000011 1.000000
6 0.000901 0.001014 4.178752 r 0.000140 -0.000365 0.000045 1.000000
7 0.000311 0.001049 4.804945 r 0.000119 -0.000400 0.000037 1.000000
8 -0.000193 0.001140 5.431040 r 0.000196 -0.000213 0.000010 1.000000
9 -0.000568 0.000842 6.057023 r 0.000585 -0.000153 0.000015 1.000000
10 -0.000519 0.000001 6.683075 r 0.000956 0.000276 0.000028 1.000000
11 0.000093 -0.001352 7.308884 r 0.001276 0.000671 0.000028 0.999999
12 0.000816 -0.003144 7.934311 r 0.001537 0.000799 0.000023 0.999999
13 0.001833 -0.005088 8.559453 r 0.001560 0.000817 0.000021 0.999999
14 0.002858 -0.007045 9.184569 r 0.001567 0.000820 0.000020 0.999998
Residuals: 8.791821
Step 4
0 -0.000128 -0.000188 0.418038 r 0.000376 0.000372 0.000002 1.000000
1 0.000253 -0.000675 1.042935 r 0.000316 0.000366 0.000007 1.000000
2 0.000584 -0.001315 1.668329 r 0.000554 0.000131 0.000015 1.000000
3 0.000628 -0.001819 2.293478 r 0.000427 -0.000077 0.000037 1.000000
4 -0.000368 -0.001035 2.919034 r 0.000542 -0.000607 0.000030 1.000000
5 -0.001112 -0.001398 3.544233 r 0.000392 -0.000267 0.000030 1.000000
6 -0.001707 -0.001712 4.169364 r 0.000222 -0.000261 0.000062 1.000000
7 -0.002154 -0.001713 4.794396 r 0.000171 -0.000190 0.000054 1.000000
8 -0.002368 -0.001641 5.419601 r 0.000242 0.000099 0.000026 1.000000
9 -0.002315 -0.001972 6.044965 r 0.000642 0.000245 0.000035 1.000000
10 -0.001710 -0.002858 6.670663 r 0.001012 0.000776 0.000043 0.999999
11 -0.000434 -0.004291 7.296264 r 0.001354 0.001232 0.000046 0.999998
12 0.001028 -0.006187 7.921632 r 0.001624 0.001409 0.000044 0.999998
13 0.002935 -0.008278 8.546663 r 0.001681 0.001569 0.000053 0.999997
14 0.004928 -0.010369 9.171774 r 0.001671 0.001605 0.000055 0.999997
Residuals: 11.158964
Step 5
0 -0.000163 -0.000215 0.419219 r 0.000668 0.000089 0.000009 1.000000
1 -0.000134 -0.001045 1.044415 r 0.000592 0.000115 0.000014 1.000000
2 -0.000114 -0.002010 1.669930 r 0.000818 -0.000086 0.000021 1.000000
3 -0.000337 -0.002830 2.295336 r 0.000681 -0.000258 0.000043 1.000000
4 -0.001551 -0.002356 2.921002 r 0.000786 -0.000745 0.000036 1.000000
5 -0.002460 -0.003019 3.546545 r 0.000620 -0.000362 0.000035 1.000000
6 -0.003168 -0.003614 4.171838 r 0.000426 -0.000315 0.000068 1.000000
7 -0.003677 -0.003863 4.797084 r 0.000343 -0.000209 0.000060 1.000000
8 -0.003910 -0.003995 5.422518 r 0.000372 0.000111 0.000033 1.000000
9 -0.003842 -0.004474 6.048107 r 0.000728 0.000275 0.000041 1.000000
10 -0.003201 -0.005448 6.673972 r 0.001053 0.000815 0.000050 0.999999
11 -0.001878 -0.006911 7.299749 r 0.001357 0.001275 0.000054 0.999998
12 -0.000362 -0.008790 7.925237 r 0.001599 0.001451 0.000052 0.999998
13 0.001598 -0.010836 8.550531 r 0.001640 0.001609 0.000061 0.999997
14 0.003638 -0.012871 9.175679 r 0.001626 0.001642 0.000063 0.999997
Residuals: 1.729621
Step 6
0 -0.000230 -0.000241 0.419256 r 0.000839 -0.000180 0.000003 1.000000
1 -0.000541 -0.001286 1.044447 r 0.000758 -0.000149 0.000007 1.000000
2 -0.000856 -0.002460 1.669894 r 0.000978 -0.000342 0.000014 1.000000
3 -0.001404 -0.003475 2.295254 r 0.000828 -0.000505 0.000035 1.000000
4 -0.002931 -0.003178 2.920841 r 0.000919 -0.000982 0.000028 0.999999
5 -0.004127 -0.003965 3.546442 r 0.000702 -0.000530 0.000027 1.000000
6 -0.005029 -0.004618 4.171795 r 0.000464 -0.000418 0.000058 1.000000
7 -0.005647 -0.004874 4.797105 r 0.000348 -0.000251 0.000047 1.000000
8 -0.005929 -0.005003 5.422501 r 0.000370 0.000081 0.000020 1.000000
9 -0.005891 -0.005474 6.048027 r 0.000722 0.000262 0.000029 1.000000
10 -0.005257 -0.006438 6.673825 r 0.001045 0.000817 0.000037 0.999999
11 -0.003923 -0.007891 7.299541 r 0.001349 0.001288 0.000042 0.999998
12 -0.002384 -0.009760 7.924983 r 0.001590 0.001472 0.000041 0.999998
13 -0.000393 -0.011795 8.550248 r 0.001631 0.001634 0.000050 0.999997
14 0.001680 -0.013820 9.175392 r 0.001617 0.001668 0.000052 0.999997
Residuals: 1.440287
Step 7
0 -0.000257 -0.000210 0.419340 r 0.000712 -0.000283 0.000010 1.000000
1 -0.000716 -0.001100 1.044539 r 0.000661 -0.000272 0.000013 1.000000
2 -0.001188 -0.002152 1.669974 r 0.000885 -0.000466 0.000020 1.000000
3 -0.001892 -0.003051 2.295330 r 0.000741 -0.000628 0.000041 1.000000
4 -0.003573 -0.002645 2.920888 r 0.000839 -0.001103 0.000034 0.999999
5 -0.004910 -0.003344 3.546516 r 0.000670 -0.000639 0.000034 1.000000
6 -0.005933 -0.003975 4.171896 r 0.000483 -0.000516 0.000067 1.000000
7 -0.006658 -0.004278 4.797229 r 0.000418 -0.000345 0.000059 1.000000
8 -0.007055 -0.004500 5.422622 r 0.000451 -0.000013 0.000031 1.000000
9 -0.007123 -0.005084 6.048153 r 0.000826 0.000162 0.000042 1.000000
10 -0.006611 -0.006190 6.673958 r 0.001167 0.000706 0.000053 0.999999
11 -0.005416 -0.007805 7.299680 r 0.001483 0.001166 0.000058 0.999998
12 -0.004035 -0.009852 7.925125 r 0.001734 0.001341 0.000058 0.999998
13 -0.002212 -0.012072 8.550393 r 0.001780 0.001498 0.000068 0.999997
14 -0.000310 -0.014284 9.175538 r 0.001766 0.001532 0.000069 0.999997
Residuals: 0.839565
Step 8
0 -0.000295 -0.000171 0.419460 r 0.000604 -0.000381 0.000030 1.000000
1 -0.000882 -0.000923 1.044624 r 0.000553 -0.000367 0.000032 1.000000
2 -0.001474 -0.001817 1.670092 r 0.000787 -0.000525 0.000036 1.000000
3 -0.002252 -0.002589 2.295453 r 0.000641 -0.000677 0.000057 1.000000
4 -0.003974 -0.002042 2.921052 r 0.000751 -0.001099 0.000049 0.999999
5 -0.005302 -0.002628 3.546671 r 0.000580 -0.000624 0.000049 1.000000
6 -0.006300 -0.003144 4.172033 r 0.000392 -0.000492 0.000082 1.000000
7 -0.006990 -0.003332 4.797336 r 0.000327 -0.000315 0.000073 1.000000
8 -0.007327 -0.003450 5.422748 r 0.000371 0.000034 0.000049 1.000000
9 -0.007323 -0.003944 6.048295 r 0.000753 0.000213 0.000063 1.000000
10 -0.006741 -0.004969 6.674107 r 0.001098 0.000753 0.000076 0.999999
11 -0.005488 -0.006504 7.299830 r 0.001417 0.001205 0.000083 0.999998
12 -0.004060 -0.008469 7.925276 r 0.001669 0.001377 0.000082 0.999998
13 -0.002193 -0.010608 8.550545 r 0.001715 0.001531 0.000092 0.999997
14 -0.000250 -0.012739 9.175691 r 0.001702 0.001565 0.000093 0.999997
Residuals: 0.897869
Step 9
0 -0.000283 -0.000121 0.419443 r 0.000287 -0.000320 0.000033 1.000000
1 -0.000781 -0.000454 1.044659 r 0.000231 -0.000297 0.000034 1.000000
2 -0.001282 -0.000942 1.670092 r 0.000467 -0.000454 0.000038 1.000000
3 -0.001967 -0.001310 2.295450 r 0.000326 -0.000603 0.000058 1.000000
4 -0.003594 -0.000372 2.920991 r 0.000446 -0.001024 0.000050 1.000000
5 -0.004811 -0.000582 3.546653 r 0.000338 -0.000543 0.000048 1.000000
6 -0.005690 -0.000812 4.172058 r 0.000228 -0.000403 0.000079 1.000000
7 -0.006251 -0.000824 4.797403 r 0.000252 -0.000217 0.000069 1.000000
8 -0.006450 -0.000887 5.422864 r 0.000389 0.000142 0.000044 1.000000
9 -0.006303 -0.001412 6.048446 r 0.000816 0.000324 0.000056 1.000000
10 -0.005590 -0.002537 6.674273 r 0.001194 0.000854 0.000067 0.999999
11 -0.004209 -0.004195 7.299994 r 0.001518 0.001308 0.000074 0.999998
12 -0.002651 -0.006288 7.925438 r 0.001773 0.001481 0.000073 0.999997
13 -0.000654 -0.008559 8.550704 r 0.001821 0.001636 0.000083 0.999997
14 0.001421 -0.010822 9.175845 r 0.001808 0.001670 0.000084 0.999997
Residuals: 0.418514
Step 10
0 -0.000249 -0.000098 0.419105 r 0.000029 -0.000148 0.000015 1.000000
1 -0.000528 -0.000108 1.044289 r -0.000022 -0.000122 0.000017 1.000000
2 -0.000806 -0.000280 1.669721 r 0.000219 -0.000277 0.000020 1.000000
3 -0.001267 -0.000340 2.295070 r 0.000083 -0.000425 0.000041 1.000000
4 -0.002669 0.000901 2.920616 r 0.000209 -0.000846 0.000033 1.000000
5 -0.003662 0.000986 3.546199 r 0.000105 -0.000365 0.000030 1.000000
6 -0.004318 0.001045 4.171514 r 0.000000 -0.000225 0.000061 1.000000
7 -0.004656 0.001316 4.796796 r 0.000029 -0.000037 0.000051 1.000000
8 -0.004631 0.001522 5.422328 r 0.000192 0.000327 0.000026 1.000000
9 -0.004256 0.001240 6.047947 r 0.000634 0.000514 0.000039 1.000000
10 -0.003307 0.000343 6.673793 r 0.001020 0.001050 0.000050 0.999999
11 -0.001679 -0.001099 7.299528 r 0.001350 0.001512 0.000057 0.999998
12 0.000137 -0.002983 7.924981 r 0.001608 0.001692 0.000057 0.999997
13 0.002398 -0.005049 8.550249 r 0.001657 0.001848 0.000067 0.999997
14 0.004737 -0.007108 9.175391 r 0.001644 0.001882 0.000068 0.999997
Residuals: 0.071542
Step 11
0 -0.000244 -0.000082 0.418739 r -0.000188 0.000107 0.000006 1.000000
1 -0.000205 0.000175 1.043911 r -0.000241 0.000133 0.000009 1.000000
2 -0.000167 0.000275 1.669336 r -0.000004 -0.000023 0.000012 1.000000
3 -0.000314 0.000495 2.294673 r -0.000146 -0.000171 0.000034 1.000000
4 -0.001402 0.002025 2.920216 r -0.000026 -0.000591 0.000027 1.000000
5 -0.002078 0.002408 3.545790 r -0.000134 -0.000108 0.000025 1.000000
6 -0.002415 0.002772 4.171095 r -0.000241 0.000035 0.000056 1.000000
7 -0.002415 0.003356 4.796383 r -0.000203 0.000243 0.000045 1.000000
8 -0.002038 0.003855 5.421912 r -0.000037 0.000612 0.000020 1.000000
9 -0.001304 0.003862 6.047519 r 0.000408 0.000804 0.000034 1.000000
10 0.000012 0.003249 6.673360 r 0.000797 0.001345 0.000044 0.999999
11 0.002011 0.002085 7.299093 r 0.001130 0.001809 0.000052 0.999998
12 0.004204 0.000476 7.924547 r 0.001389 0.001992 0.000053 0.999997
13 0.006841 -0.001318 8.549815 r 0.001441 0.002149 0.000062 0.999997
14 0.009558 -0.003106 9.174957 r 0.001428 0.002184 0.000064 0.999997
Residuals: 0.122033
Step 12
0 -0.000190 -0.000067 0.418920 r -0.000313 0.000427 0.000020 1.000000
1 0.000265 0.000353 1.044103 r -0.000370 0.000460 0.000023 1.000000
2 0.000714 0.000614 1.669526 r -0.000131 0.000305 0.000027 1.000000
3 0.000981 0.000987 2.294868 r -0.000268 0.000145 0.000048 1.000000
4 0.000290 0.002668 2.920406 r -0.000146 -0.000276 0.000040 1.000000
5 -0.000004 0.003190 3.545988 r -0.000253 0.000186 0.000039 1.000000
6 0.000011 0.003691 4.171304 r -0.000365 0.000309 0.000071 1.000000
7 0.000341 0.004420 4.796617 r -0.000337 0.000505 0.000060 1.000000
8 0.001031 0.005084 5.422159 r -0.000191 0.000866 0.000035 1.000000
9 0.002069 0.005289 6.047783 r 0.000227 0.001051 0.000049 1.000000
10 0.003681 0.004908 6.673635 r 0.000594 0.001586 0.000060 0.999999
11 0.005973 0.004009 7.299379 r 0.000907 0.002047 0.000067 0.999998
12 0.008457 0.002689 7.924839 r 0.001152 0.002226 0.000068 0.999997
13 0.011386 0.001193 8.550106 r 0.001202 0.002382 0.000077 0.999997
14 0.014394 -0.000294 9.175251 r 0.001186 0.002417 0.000079 0.999996
Residuals: 0.979236
Step 13
0 -0.000140 -0.000112 0.419285 r -0.000294 0.000736 0.000061 1.000000
1 0.000702 0.000257 1.044489 r -0.000369 0.000755 0.000058 1.000000
2 0.001515 0.000507 1.669944 r -0.000163 0.000569 0.000058 1.000000
3 0.002102 0.000926 2.295330 r -0.000333 0.000367 0.000078 1.000000
4 0.001673 0.002705 2.920910 r -0.000232 -0.000102 0.000072 1.000000
5 0.001594 0.003341 3.546472 r -0.000338 0.000352 0.000071 1.000000
6 0.001815 0.003952 4.171773 r -0.000442 0.000471 0.000103 1.000000
7 0.002345 0.004780 4.797065 r -0.000405 0.000665 0.000092 1.000000
8 0.003235 0.005530 5.422580 r -0.000247 0.001027 0.000067 1.000000
9 0.004477 0.005803 6.048171 r 0.000183 0.001214 0.000081 0.999999
10 0.006295 0.005477 6.673995 r 0.000559 0.001752 0.000091 0.999999
11 0.008798 0.004618 7.299714 r 0.000880 0.002216 0.000098 0.999997
12 0.011495 0.003329 7.925157 r 0.001130 0.002398 0.000099 0.999997
13 0.014637 0.001853 8.550424 r 0.001187 0.002552 0.000108 0.999996
14 0.017857 0.000384 9.175566 r 0.001172 0.002587 0.000109 0.999996
Residuals: 1.608755
Step 14
0 -0.000148 -0.000146 0.419477 r -0.000129 0.000824 0.000053 1.000000
1 0.000801 0.000014 1.044667 r -0.000207 0.000844 0.000049 1.000000
2 0.001722 0.000062 1.670094 r -0.000008 0.000659 0.000049 1.000000
3 0.002410 0.000300 2.295528 r -0.000226 0.000471 0.000066 1.000000
4 0.002110 0.001949 2.921097 r -0.000139 0.000003 0.000060 1.000000
5 0.002162 0.002467 3.546656 r -0.000252 0.000459 0.000059 1.000000
6 0.002515 0.002976 4.171950 r -0.000371 0.000577 0.000091 1.000000
7 0.003179 0.003747 4.797272 r -0.000401 0.000776 0.000080 1.000000
8 0.004209 0.004523 5.422813 r -0.000302 0.001136 0.000055 1.000000
9 0.005587 0.004892 6.048426 r 0.000082 0.001317 0.000069 0.999999
10 0.007527 0.004705 6.674275 r 0.000435 0.001841 0.000078 0.999999
11 0.010133 0.004012 7.300012 r 0.000741 0.002292 0.000085 0.999997
12 0.012920 0.002904 7.925467 r 0.000983 0.002465 0.000085 0.999997
13 0.016142 0.001615 8.550742 r 0.001037 0.002614 0.000093 0.999996
14 0.019438 0.000334 9.175885 r 0.001022 0.002647 0.000095 0.999996
Residuals: 1.028271
Step 15
0 -0.000124 -0.000170 0.419357 r 0.000015 0.000913 0.000034 1.000000
1 0.000945 -0.000201 1.044555 r -0.000081 0.000916 0.000029 1.000000
2 0.001958 -0.000313 1.669971 r 0.000116 0.000726 0.000028 1.000000
3 0.002731 -0.000234 2.295405 r -0.000104 0.000530 0.000045 1.000000
4 0.002505 0.001258 2.920960 r -0.000018 0.000052 0.000039 1.000000
5 0.002601 0.001610 3.546550 r -0.000149 0.000460 0.000037 1.000000
6 0.002934 0.001979 4.171877 r -0.000290 0.000531 0.000069 1.000000
7 0.003537 0.002645 4.797175 r -0.000323 0.000718 0.000057 1.000000
8 0.004489 0.003321 5.422655 r -0.000228 0.001067 0.000032 1.000000
9 0.005778 0.003602 6.048211 r 0.000149 0.001241 0.000047 0.999999
10 0.007617 0.003331 6.674016 r 0.000499 0.001757 0.000057 0.999999
11 0.010113 0.002560 7.299724 r 0.000802 0.002202 0.000063 0.999997
12 0.012784 0.001376 7.925160 r 0.001042 0.002370 0.000063 0.999997
13 0.015886 0.000014 8.550425 r 0.001095 0.002517 0.000071 0.999997
14 0.019061 -0.001340 9.175567 r 0.001080 0.002550 0.000072 0.999996
Residuals: 1.615057
Step 16
0 -0.000085 -0.000213 0.419432 r 0.000196 0.000980 0.000027 1.000000
1 0.001075 -0.000474 1.044624 r 0.000098 0.000980 0.000022 1.000000
2 0.002196 -0.000831 1.670051 r 0.000277 0.000755 0.000018 1.000000
3 0.003020 -0.000974 2.295527 r 0.000036 0.000493 0.000036 1.000000
4 0.002767 0.000332 2.921088 r 0.000086 -0.000059 0.000027 1.000000
5 0.002728 0.000552 3.546625 r -0.000050 0.000328 0.000025 1.000000
6 0.002899 0.000797 4.171904 r -0.000194 0.000376 0.000056 1.000000
7 0.003308 0.001343 4.797189 r -0.000227 0.000541 0.000045 1.000000
8 0.004037 0.001897 5.422651 r -0.000129 0.000869 0.000020 1.000000
9 0.005074 0.002052 6.048196 r 0.000254 0.001024 0.000035 1.000000
10 0.006635 0.001647 6.673996 r 0.000609 0.001522 0.000044 0.999999
11 0.008830 0.000734 7.299698 r 0.000918 0.001954 0.000050 0.999998
12 0.011185 -0.000598 7.925131 r 0.001163 0.002115 0.000049 0.999997
13 0.013963 -0.002112 8.550394 r 0.001218 0.002258 0.000057 0.999997
14 0.016814 -0.003620 9.175539 r 0.001204 0.002290 0.000058 0.999997
Residuals: 1.809906
Step 17
0 -0.000063 -0.000255 0.419562 r 0.000339 0.000945 0.000026 1.000000
1 0.001062 -0.000703 1.044749 r 0.000244 0.000946 0.000021 1.000000
2 0.002164 -0.001280 1.670179 r 0.000422 0.000695 0.000017 1.000000
3 0.002930 -0.001644 2.295697 r 0.000165 0.000385 0.000034 1.000000
4 0.002550 -0.000535 2.921309 r 0.000185 -0.000242 0.000025 1.000000
5 0.002288 -0.000444 3.546839 r 0.000042 0.000124 0.000022 1.000000
6 0.002206 -0.000314 4.172101 r -0.000113 0.000145 0.000054 1.000000
7 0.002325 0.000130 4.797366 r -0.000154 0.000281 0.000043 1.000000
8 0.002725 0.000593 5.422813 r -0.000062 0.000581 0.000017 1.000000
9 0.003395 0.000668 6.048347 r 0.000317 0.000712 0.000033 1.000000
10 0.004554 0.000181 6.674142 r 0.000674 0.001186 0.000041 1.000000
11 0.006317 -0.000815 7.299845 r 0.000984 0.001599 0.000046 0.999999
12 0.008219 -0.002231 7.925277 r 0.001230 0.001749 0.000045 0.999998
13 0.010534 -0.003831 8.550543 r 0.001287 0.001887 0.000052 0.999998
14 0.012921 -0.005426 9.175687 r 0.001273 0.001918 0.000053 0.999998
Residuals: 2.083624
Step 18
0 -0.000071 -0.000288 0.419619 r 0.000410 0.000761 0.000040 1.000000
1 0.000840 -0.000843 1.044815 r 0.000323 0.000771 0.000041 1.000000
2 0.001734 -0.001556 1.670275 r 0.000510 0.000510 0.000035 1.000000
3 0.002275 -0.002072 2.295846 r 0.000246 0.000177 0.000051 1.000000
4 0.001632 -0.001105 2.921489 r 0.000236 -0.000491 0.000040 1.000000
5 0.001065 -0.001085 3.547004 r 0.000084 -0.000139 0.000038 1.000000
6 0.000653 -0.001014 4.172262 r -0.000082 -0.000142 0.000069 1.000000
7 0.000412 -0.000609 4.797509 r -0.000140 -0.000029 0.000058 1.000000
8 0.000421 -0.000162 5.422927 r -0.000064 0.000247 0.000032 1.000000
9 0.000668 -0.000082 6.048438 r 0.000299 0.000353 0.000048 1.000000
10 0.001365 -0.000546 6.674216 r 0.000647 0.000799 0.000056 1.000000
11 0.002631 -0.001508 7.299909 r 0.000952 0.001190 0.000060 0.999999
12 0.004009 -0.002882 7.925338 r 0.001195 0.001323 0.000058 0.999999
13 0.005784 -0.004435 8.550605 r 0.001250 0.001452 0.000065 0.999999
14 0.007625 -0.005985 9.175751 r 0.001237 0.001481 0.000065 0.999998
Residuals: 2.916134
Step 19
0 -0.000139 -0.000324 0.419517 r 0.000442 0.000346 0.000075 1.000000
1 0.000256 -0.000925 1.044715 r 0.000360 0.000360 0.000076 1.000000
2 0.000620 -0.001698 1.670226 r 0.000543 0.000115 0.000067 1.000001
3 0.000642 -0.002259 2.295859 r 0.000254 -0.000200 0.000080 1.000000
4 -0.000500 -0.001296 2.921563 r 0.000203 -0.000844 0.000066 1.000000
5 -0.001513 -0.001234 3.547082 r 0.000040 -0.000486 0.000063 1.000000
6 -0.002361 -0.001105 4.172337 r -0.000139 -0.000482 0.000094 1.000000
7 -0.003030 -0.000617 4.797622 r -0.000239 -0.000316 0.000081 1.000000
8 -0.003382 -0.000045 5.423018 r -0.000174 -0.000034 0.000055 1.000001
9 -0.003484 0.000178 6.048508 r 0.000177 0.000081 0.000071 1.000000
10 -0.003128 -0.000127 6.674257 r 0.000513 0.000530 0.000079 1.000000
11 -0.002199 -0.000914 7.299926 r 0.000808 0.000923 0.000083 1.000000
12 -0.001154 -0.002104 7.925338 r 0.001045 0.001057 0.000082 0.999999
13 0.000291 -0.003466 8.550597 r 0.001096 0.001187 0.000089 0.999999
14 0.001801 -0.004824 9.175741 r 0.001082 0.001217 0.000089 0.999999
Residuals: 2.941634
Step 20
0 -0.000243 -0.000295 0.419197 r 0.000326 -0.000260 0.000065 1.000000
1 -0.000615 -0.000744 1.044395 r 0.000238 -0.000238 0.000064 1.000000
2 -0.000996 -0.001360 1.669853 r 0.000418 -0.000464 0.000055 1.000001
3 -0.001695 -0.001759 2.295450 r 0.000125 -0.000755 0.000066 1.000000
4 -0.003530 -0.000625 2.921126 r 0.000067 -0.001378 0.000052 1.000000
5 -0.005185 -0.000348 3.546734 r -0.000118 -0.000909 0.000047 1.000000
6 -0.006530 0.000019 4.172074 r -0.000317 -0.000796 0.000075 1.000000
7 -0.007558 0.000742 4.797451 r -0.000408 -0.000532 0.000060 1.000000
8 -0.008171 0.001528 5.422847 r -0.000344 -0.000231 0.000034 1.000001
9 -0.008513 0.001966 6.048335 r 0.000007 -0.000100 0.000049 1.000000
10 -0.008372 0.001877 6.674073 r 0.000341 0.000367 0.000057 1.000001
11 -0.007637 0.001305 7.299734 r 0.000635 0.000774 0.000062 1.000000
12 -0.006771 0.000334 7.925140 r 0.000869 0.000918 0.000061 1.000000
13 -0.005497 -0.000810 8.550396 r 0.000920 0.001052 0.000068 1.000000
14 -0.004155 -0.001947 9.175541 r 0.000906 0.001083 0.000069 0.999999
Residuals: 1.577297
Step 21
0 -0.000255 -0.000253 0.419078 r -0.000063 -0.000565 -0.000006 1.000000
1 -0.000979 -0.000219 1.044300 r -0.000113 -0.000536 -0.000009 1.000000
2 -0.001729 -0.000400 1.669737 r 0.000078 -0.000763 -0.000018 1.000001
3 -0.002797 -0.000378 2.295314 r -0.000200 -0.001055 -0.000008 1.000000
4 -0.005004 0.001157 2.920968 r -0.000242 -0.001680 -0.000022 0.999999
5 -0.007027 0.001779 3.546629 r -0.000344 -0.001239 -0.000025 1.000000
6 -0.008764 0.002402 4.172026 r -0.000483 -0.001145 0.000003 1.000000
7 -0.010217 0.003305 4.797449 r -0.000523 -0.000911 -0.000012 1.000000
8 -0.011313 0.004211 5.422870 r -0.000420 -0.000657 -0.000038 1.000000
9 -0.012214 0.004727 6.048387 r -0.000044 -0.000587 -0.000021 1.000000
10 -0.012709 0.004682 6.674161 r 0.000316 -0.000171 -0.000009 1.000001
11 -0.012660 0.004128 7.299840 r 0.000625 0.000209 -0.000003 1.000000
12 -0.012513 0.003159 7.925261 r 0.000869 0.000334 -0.000004 1.000000
13 -0.011979 0.002011 8.550523 r 0.000924 0.000458 0.000002 1.000000
14 -0.011382 0.000868 9.175671 r 0.000911 0.000486 0.000003 1.000000
Residuals: 1.703914
Step 22
0 -0.000323 -0.000238 0.419125 r -0.000236 -0.000843 -0.000031 1.000000
1 -0.001399 0.000012 1.044292 r -0.000292 -0.000814 -0.000034 1.000000
2 -0.002514 0.000063 1.669709 r -0.000123 -0.001018 -0.000045 1.000000
3 -0.003902 0.000338 2.295264 r -0.000407 -0.001309 -0.000036 1.000000
4 -0.006425 0.002136 2.920893 r -0.000455 -0.001933 -0.000052 0.999999
5 -0.008760 0.003030 3.546425 r -0.000561 -0.001492 -0.000056 0.999999
6 -0.010811 0.003928 4.171711 r -0.000700 -0.001402 -0.000030 1.000000
7 -0.012581 0.005106 4.797030 r -0.000736 -0.001173 -0.000048 1.000000
8 -0.014002 0.006280 5.422416 r -0.000627 -0.000924 -0.000076 1.000000
9 -0.015237 0.007055 6.047872 r -0.000243 -0.000859 -0.000060 1.000000
10 -0.016073 0.007258 6.673591 r 0.000126 -0.000448 -0.000049 1.000001
11 -0.016371 0.006937 7.299243 r 0.000443 -0.000071 -0.000044 1.000000
12 -0.016576 0.006192 7.924647 r 0.000693 0.000052 -0.000046 1.000000
13 -0.016395 0.005261 8.549903 r 0.000751 0.000176 -0.000040 1.000000
14 -0.016150 0.004333 9.175049 r 0.000739 0.000205 -0.000040 1.000000
Residuals: 1.105514
Step 23
0 -0.000293 -0.000203 0.419548 r -0.000422 -0.000833 -0.000044 1.000000
1 -0.001325 0.000286 1.044746 r -0.000466 -0.000815 -0.000052 1.000000
2 -0.002437 0.000553 1.670158 r -0.000290 -0.001023 -0.000062 1.000000
3 -0.003849 0.001043 2.295758 r -0.000558 -0.001385 -0.000053 0.999999
4 -0.006502 0.003036 2.921435 r -0.000588 -0.002095 -0.000068 0.999998
5 -0.009091 0.004099 3.547013 r -0.000675 -0.001742 -0.000071 0.999999
6 -0.011506 0.005142 4.172332 r -0.000794 -0.001722 -0.000041 0.999999
7 -0.013716 0.006435 4.797657 r -0.000807 -0.001529 -0.000054 0.999999
8 -0.015604 0.007689 5.423057 r -0.000675 -0.001278 -0.000078 1.000000
9 -0.017292 0.008519 6.048525 r -0.000278 -0.001195 -0.000058 1.000000
10 -0.018549 0.008762 6.674256 r 0.000097 -0.000759 -0.000044 1.000001
11 -0.019235 0.008474 7.299910 r 0.000419 -0.000361 -0.000037 1.000000
12 -0.019796 0.007759 7.925311 r 0.000669 -0.000222 -0.000037 1.000000
13 -0.019949 0.006858 8.550565 r 0.000725 -0.000087 -0.000030 1.000000
14 -0.020033 0.005964 9.175709 r 0.000712 -0.000058 -0.000030 1.000000
Residuals: 1.458234
Step 24
0 -0.000277 -0.000170 0.419708 r -0.000525 -0.000895 -0.000036 1.000000
1 -0.001385 0.000450 1.044872 r -0.000565 -0.000878 -0.000044 1.000000
2 -0.002551 0.000846 1.670310 r -0.000363 -0.001105 -0.000060 1.000000
3 -0.004049 0.001416 2.295959 r -0.000590 -0.001482 -0.000053 0.999999
4 -0.006824 0.003433 2.921680 r -0.000579 -0.002216 -0.000069 0.999998
5 -0.009566 0.004484 3.547135 r -0.000659 -0.001867 -0.000071 0.999999
6 -0.012138 0.005503 4.172353 r -0.000771 -0.001851 -0.000042 0.999999
7 -0.014511 0.006764 4.797626 r -0.000779 -0.001661 -0.000055 0.999999
8 -0.016576 0.007967 5.423053 r -0.000634 -0.001426 -0.000078 1.000000
9 -0.018459 0.008735 6.048557 r -0.000232 -0.001354 -0.000058 1.000000
10 -0.019923 0.008914 6.674323 r 0.000144 -0.000924 -0.000043 1.000000
11 -0.020818 0.008569 7.300013 r 0.000459 -0.000528 -0.000036 1.000000
12 -0.021590 0.007806 7.925439 r 0.000704 -0.000390 -0.000036 1.000000
13 -0.021954 0.006866 8.550705 r 0.000755 -0.000255 -0.000030 1.000000
14 -0.022249 0.005934 9.175851 r 0.000742 -0.000227 -0.000029 1.000000
Residuals: 1.414033
Step 25
0 -0.000389 -0.000152 0.419796 r -0.000406 -0.001064 -0.000023 1.000000
1 -0.001722 0.000319 1.044954 r -0.000448 -0.001035 -0.000030 1.000000
2 -0.003120 0.000582 1.670435 r -0.000245 -0.001160 -0.000043 1.000000
3 -0.004690 0.001009 2.296026 r -0.000484 -0.001514 -0.000038 0.999999
4 -0.007503 0.002897 2.921724 r -0.000486 -0.002224 -0.000055 0.999998
5 -0.010251 0.003834 3.547173 r -0.000578 -0.001854 -0.000059 0.999999
6 -0.012800 0.004757 4.172386 r -0.000703 -0.001821 -0.000032 0.999999
7 -0.015128 0.005936 4.797652 r -0.000722 -0.001621 -0.000048 0.999999
8 -0.017136 0.007070 5.423064 r -0.000585 -0.001380 -0.000073 1.000000
9 -0.018957 0.007778 6.048549 r -0.000188 -0.001307 -0.000055 1.000000
10 -0.020360 0.007903 6.674296 r 0.000184 -0.000879 -0.000042 1.000000
11 -0.021198 0.007509 7.299972 r 0.000498 -0.000486 -0.000036 1.000000
12 -0.021918 0.006698 7.925386 r 0.000741 -0.000350 -0.000037 1.000000
13 -0.022233 0.005710 8.550647 r 0.000793 -0.000217 -0.000031 1.000000
14 -0.022481 0.004731 9.175793 r 0.000780 -0.000189 -0.000031 1.000000
Residuals: 1.618760
Step 26
0 -0.000347 -0.000149 0.419866 r -0.000316 -0.000933 -0.000026 1.000000
1 -0.001482 0.000210 1.045106 r -0.000337 -0.000906 -0.000036 1.000000
2 -0.002715 0.000334 1.670487 r -0.000129 -0.001038 -0.000050 1.000000
3 -0.004135 0.000617 2.296078 r -0.000362 -0.001404 -0.000045 1.000000
4 -0.006816 0.002353 2.921759 r -0.000358 -0.002127 -0.000064 0.999998
5 -0.009468 0.003125 3.547295 r -0.000417 -0.001820 -0.000069 0.999999
6 -0.012001 0.003837 4.172581 r -0.000507 -0.001842 -0.000043 0.999999
7 -0.014383 0.004761 4.797907 r -0.000495 -0.001686 -0.000060 0.999999
8 -0.016474 0.005610 5.423317 r -0.000353 -0.001444 -0.000086 1.000000
9 -0.018375 0.006027 6.048800 r 0.000047 -0.001368 -0.000068 1.000000
10 -0.019854 0.005857 6.674543 r 0.000421 -0.000938 -0.000055 1.000000
11 -0.020764 0.005164 7.300214 r 0.000737 -0.000542 -0.000049 1.000000
12 -0.021554 0.004054 7.925625 r 0.000981 -0.000405 -0.000051 1.000000
13 -0.021937 0.002766 8.550884 r 0.001033 -0.000271 -0.000044 1.000000
14 -0.022252 0.001487 9.176029 r 0.001020 -0.000243 -0.000044 1.000000
Residuals: 1.798634
Step 27
0 -0.000319 -0.000187 0.419672 r -0.000090 -0.000749 -0.000009 1.000001
1 -0.001221 -0.000112 1.044834 r -0.000111 -0.000723 -0.000020 1.000001
2 -0.002239 -0.000296 1.670268 r 0.000122 -0.000886 -0.000040 1.000000
3 -0.003468 -0.000331 2.295863 r -0.000112 -0.001257 -0.000036 1.000000
4 -0.005964 0.001091 2.921554 r -0.000108 -0.001986 -0.000055 0.999999
5 -0.008438 0.001550 3.546961 r -0.000169 -0.001685 -0.000061 0.999999
6 -0.010807 0.001950 4.172167 r -0.000258 -0.001719 -0.000036 0.999999
7 -0.013038 0.002563 4.797417 r -0.000246 -0.001572 -0.000052 0.999999
8 -0.014986 0.003103 5.422865 r -0.000104 -0.001371 -0.000078 1.000000
9 -0.016801 0.003208 6.048378 r 0.000301 -0.001335 -0.000061 1.000000
10 -0.018239 0.002718 6.674151 r 0.000683 -0.000933 -0.000048 1.000000
11 -0.019150 0.001694 7.299845 r 0.001009 -0.000560 -0.000043 1.000000
12 -0.019971 0.000238 7.925269 r 0.001261 -0.000438 -0.000044 1.000000
13 -0.020402 -0.001404 8.550533 r 0.001319 -0.000311 -0.000038 1.000000
14 -0.020766 -0.003042 9.175677 r 0.001307 -0.000282 -0.000038 1.000000
Residuals: 1.765018
Step 28
0 -0.000246 -0.000335 0.419187 r 0.000226 -0.000433 -0.000019 1.000001
1 -0.000733 -0.000672 1.044329 r 0.000200 -0.000428 -0.000030 1.000001
2 -0.001373 -0.001258 1.669744 r 0.000427 -0.000627 -0.000050 1.000001
3 -0.002278 -0.001684 2.295336 r 0.000188 -0.001037 -0.000046 1.000000
4 -0.004515 -0.000644 2.921012 r 0.000189 -0.001811 -0.000065 0.999999
5 -0.006794 -0.000560 3.546396 r 0.000127 -0.001548 -0.000069 1.000000
6 -0.009019 -0.000529 4.171592 r 0.000038 -0.001605 -0.000043 1.000000
7 -0.011130 -0.000280 4.796821 r 0.000049 -0.001466 -0.000058 1.000000
8 -0.012962 -0.000102 5.422198 r 0.000190 -0.001257 -0.000082 1.000000
9 -0.014642 -0.000356 6.047656 r 0.000593 -0.001203 -0.000065 1.000000
10 -0.015919 -0.001205 6.673379 r 0.000974 -0.000782 -0.000052 1.000000
11 -0.016637 -0.002589 7.299035 r 0.001299 -0.000390 -0.000047 1.000000
12 -0.017238 -0.004405 7.924435 r 0.001550 -0.000254 -0.000049 1.000000
13 -0.017433 -0.006408 8.549687 r 0.001607 -0.000119 -0.000042 0.999999
14 -0.017557 -0.008405 9.174828 r 0.001594 -0.000090 -0.000042 0.999999
Residuals: 2.879887
Step 29
0 -0.000228 -0.000293 0.419106 r 0.000119 -0.000257 -0.000062 1.000001
1 -0.000496 -0.000489 1.044243 r 0.000106 -0.000249 -0.000075 1.000001
2 -0.000903 -0.000940 1.669705 r 0.000406 -0.000425 -0.000101 1.000001
3 -0.001536 -0.001331 2.295353 r 0.000250 -0.000793 -0.000101 1.000000
4 -0.003491 -0.000440 2.921158 r 0.000422 -0.001562 -0.000117 1.000000
5 -0.005463 -0.000663 3.546541 r 0.000396 -0.001294 -0.000120 1.000000
6 -0.007388 -0.001046 4.171846 r 0.000469 -0.001332 -0.000083 1.000000
7 -0.009153 -0.001423 4.797148 r 0.000608 -0.001162 -0.000079 1.000000
8 -0.010611 -0.002007 5.422584 r 0.000853 -0.000925 -0.000094 1.000000
9 -0.011870 -0.003136 6.048077 r 0.001319 -0.000836 -0.000070 0.999999
10 -0.012676 -0.004919 6.673827 r 0.001730 -0.000383 -0.000054 1.000000
11 -0.012877 -0.007259 7.299519 r 0.002058 0.000037 -0.000047 0.999999
12 -0.012929 -0.010026 7.924946 r 0.002305 0.000191 -0.000047 0.999998
13 -0.012559 -0.012971 8.550210 r 0.002356 0.000334 -0.000040 0.999998
14 -0.012116 -0.015906 9.175350 r 0.002343 0.000363 -0.000039 0.999998
Residuals: 1.446412
Step 30
0 -0.000182 -0.000318 0.418900 r 0.000314 0.000131 -0.000069 1.000001
1 0.000037 -0.000762 1.044032 r 0.000307 0.000138 -0.000082 1.000001
2 0.000133 -0.001477 1.669541 r 0.000641 -0.000039 -0.000109 1.000001
3 -0.000014 -0.002164 2.295073 r 0.000492 -0.000410 -0.000110 1.000000
4 -0.001480 -0.001589 2.920954 r 0.000698 -0.001199 -0.000126 1.000000
5 -0.002997 -0.002159 3.546303 r 0.000678 -0.000937 -0.000128 1.000000
6 -0.004474 -0.002894 4.171504 r 0.000756 -0.000979 -0.000091 1.000000
7 -0.005785 -0.003641 4.796872 r 0.000925 -0.000833 -0.000088 1.000000
8 -0.006825 -0.004634 5.422375 r 0.001199 -0.000622 -0.000103 1.000000
9 -0.007703 -0.006208 6.047934 r 0.001692 -0.000557 -0.000080 0.999999
10 -0.008161 -0.008472 6.673732 r 0.002126 -0.000125 -0.000064 0.999999
11 -0.008044 -0.011320 7.299436 r 0.002473 0.000281 -0.000057 0.999998
12 -0.007793 -0.014608 7.924859 r 0.002722 0.000433 -0.000057 0.999997
13 -0.007122 -0.018077 8.550117 r 0.002775 0.000574 -0.000050 0.999997
14 -0.006379 -0.021535 9.175256 r 0.002762 0.000604 -0.000049 0.999997
Residuals: 1.617917
Step 31
0 -0.000183 -0.000356 0.419050 r 0.000632 0.000332 -0.000066 1.000001
1 0.000285 -0.001196 1.044176 r 0.000624 0.000347 -0.000081 1.000001
2 0.000631 -0.002300 1.669702 r 0.000948 0.000223 -0.000115 1.000000
3 0.000806 -0.003372 2.295228 r 0.000792 -0.000136 -0.000116 1.000000
4 -0.000336 -0.003158 2.921159 r 0.000955 -0.000855 -0.000134 1.000000
5 -0.001424 -0.004046 3.546501 r 0.000918 -0.000578 -0.000136 1.000000
6 -0.002455 -0.005052 4.171758 r 0.000921 -0.000535 -0.000101 1.000000
7 -0.003212 -0.005998 4.797130 r 0.001067 -0.000377 -0.000098 1.000000
8 -0.003681 -0.007159 5.422635 r 0.001319 -0.000155 -0.000114 1.000000
9 -0.003974 -0.008875 6.048195 r 0.001791 -0.000082 -0.000091 0.999999
10 -0.003837 -0.011254 6.673997 r 0.002208 0.000357 -0.000077 0.999999
11 -0.003118 -0.014194 7.299702 r 0.002539 0.000766 -0.000071 0.999997
12 -0.002256 -0.017560 7.925121 r 0.002781 0.000922 -0.000071 0.999997
13 -0.000971 -0.021098 8.550376 r 0.002830 0.001066 -0.000065 0.999996
14 0.000389 -0.024625 9.175510 r 0.002816 0.001096 -0.000064 0.999996
Residuals: 1.685444
Step 32
0 -0.000203 -0.000417 0.419389 r 0.000894 0.000509 -0.000081 1.000001
1 0.000460 -0.001598 1.044512 r 0.000851 0.000582 -0.000101 1.000000
2 0.001095 -0.002989 1.669978 r 0.001159 0.000467 -0.000136 1.000000
3 0.001569 -0.004325 2.295500 r 0.000982 0.000116 -0.000137 1.000000
4 0.000739 -0.004342 2.921316 r 0.001119 -0.000593 -0.000155 1.000000
5 -0.000022 -0.005396 3.546705 r 0.000969 -0.000252 -0.000155 1.000000
6 -0.000646 -0.006454 4.171859 r 0.000948 -0.000202 -0.000121 1.000000
7 -0.000985 -0.007424 4.797217 r 0.001076 -0.000038 -0.000118 1.000000
8 -0.001029 -0.008587 5.422706 r 0.001313 0.000188 -0.000134 1.000000
9 -0.000891 -0.010288 6.048248 r 0.001777 0.000263 -0.000112 0.999999
10 -0.000321 -0.012644 6.674032 r 0.002188 0.000704 -0.000098 0.999999
11 0.000835 -0.015558 7.299720 r 0.002518 0.001114 -0.000092 0.999997
12 0.002133 -0.018896 7.925137 r 0.002759 0.001271 -0.000093 0.999996
13 0.003856 -0.022406 8.550388 r 0.002808 0.001415 -0.000086 0.999996
14 0.005652 -0.025905 9.175525 r 0.002794 0.001445 -0.000085 0.999996
Residuals: 0.975611
Step 33
0 -0.000234 -0.000470 0.419757 r 0.001089 0.000550 -0.000101 1.000000
1 0.000449 -0.001919 1.044933 r 0.001035 0.000642 -0.000129 1.000000
2 0.001151 -0.003546 1.670374 r 0.001336 0.000530 -0.000165 1.000000
3 0.001666 -0.005099 2.295900 r 0.001099 0.000220 -0.000173 1.000000
4 0.000957 -0.005261 2.921686 r 0.001220 -0.000482 -0.000192 1.000000
5 0.000305 -0.006407 3.547206 r 0.000982 -0.000078 -0.000195 1.000000
6 -0.000122 -0.007434 4.172405 r 0.000867 0.000044 -0.000164 1.000001
7 -0.000157 -0.008292 4.797755 r 0.000973 0.000222 -0.000163 1.000000
8 0.000123 -0.009315 5.423241 r 0.001191 0.000463 -0.000181 1.000000
9 0.000617 -0.010854 6.048774 r 0.001640 0.000560 -0.000158 0.999999
10 0.001571 -0.013030 6.674553 r 0.002039 0.001021 -0.000144 0.999999
11 0.003179 -0.015731 7.300246 r 0.002338 0.001521 -0.000137 0.999997
12 0.005037 -0.018827 7.925669 r 0.002559 0.001743 -0.000136 0.999996
13 0.007387 -0.022079 8.550927 r 0.002597 0.001924 -0.000126 0.999996
14 0.009827 -0.025313 9.176065 r 0.002579 0.001964 -0.000123 0.999996
Residuals: 1.695777
Step 34
0 -0.000274 -0.000503 0.419912 r 0.001157 0.000500 -0.000127 1.000000
1 0.000320 -0.002056 1.045105 r 0.001093 0.000613 -0.000160 1.000000
2 0.000981 -0.003759 1.670535 r 0.001388 0.000505 -0.000197 1.000000
3 0.001441 -0.005370 2.296065 r 0.001101 0.000237 -0.000210 1.000000
4 0.000748 -0.005531 2.921828 r 0.001209 -0.000459 -0.000230 1.000000
5 0.000115 -0.006631 3.547452 r 0.000905 -0.000006 -0.000234 1.000001
6 -0.000225 -0.007525 4.172758 r 0.000729 0.000168 -0.000204 1.000001
7 -0.000102 -0.008202 4.798093 r 0.000824 0.000357 -0.000203 1.000001
8 0.000353 -0.009034 5.423563 r 0.001035 0.000612 -0.000221 1.000000
9 0.001067 -0.010358 6.049093 r 0.001465 0.000769 -0.000197 0.999999
10 0.002315 -0.012303 6.674874 r 0.001853 0.001278 -0.000181 0.999999
11 0.004267 -0.014767 7.300602 r 0.002146 0.001808 -0.000171 0.999997
12 0.006498 -0.017621 7.926049 r 0.002365 0.002047 -0.000167 0.999996
13 0.009235 -0.020630 8.551318 r 0.002402 0.002235 -0.000156 0.999996
14 0.012064 -0.023619 9.176464 r 0.002383 0.002276 -0.000153 0.999996
Residuals: 1.189532
Step 35
0 -0.000334 -0.000497 0.419916 r 0.001102 0.000291 -0.000153 1.000001
1 -0.000029 -0.001980 1.045152 r 0.001037 0.000429 -0.000193 1.000000
2 0.000397 -0.003611 1.670577 r 0.001327 0.000329 -0.000231 1.000000
3 0.000627 -0.005129 2.296127 r 0.001015 0.000120 -0.000248 1.000000
4 -0.000214 -0.005177 2.921876 r 0.001114 -0.000565 -0.000269 1.000000
5 -0.000981 -0.006133 3.547590 r 0.000771 -0.000052 -0.000273 1.000001
6 -0.001372 -0.006833 4.172983 r 0.000556 0.000179 -0.000244 1.000001
7 -0.001187 -0.007280 4.798309 r 0.000628 0.000453 -0.000239 1.000001
8 -0.000573 -0.007856 5.423779 r 0.000819 0.000778 -0.000254 1.000000
9 0.000385 -0.008903 6.049342 r 0.001234 0.000989 -0.000228 1.000000
10 0.001934 -0.010555 6.675150 r 0.001613 0.001533 -0.000209 0.999999
11 0.004223 -0.012715 7.300896 r 0.001900 0.002083 -0.000197 0.999997
12 0.006806 -0.015260 7.926352 r 0.002115 0.002330 -0.000191 0.999996
13 0.009902 -0.017956 8.551625 r 0.002151 0.002521 -0.000179 0.999996
14 0.013090 -0.020632 9.176773 r 0.002132 0.002563 -0.000176 0.999995
Residuals: 0.995121
Step 36
0 -0.000368 -0.000484 0.419663 r 0.000947 0.000092 -0.000185 1.000001
1 -0.000315 -0.001769 1.044934 r 0.000867 0.000268 -0.000228 1.000001
2 -0.000092 -0.003187 1.670352 r 0.001151 0.000175 -0.000266 1.000000
3 -0.000056 -0.004484 2.295874 r 0.000833 -0.000027 -0.000283 1.000001
4 -0.001082 -0.004301 2.921607 r 0.000925 -0.000704 -0.000304 1.000000
5 -0.002021 -0.004996 3.547399 r 0.000548 -0.000151 -0.000309 1.000001
6 -0.002527 -0.005393 4.172868 r 0.000302 0.000119 -0.000280 1.000001
7 -0.002388 -0.005506 4.798253 r 0.000355 0.000439 -0.000272 1.000001
8 -0.001757 -0.005730 5.423768 r 0.000538 0.000806 -0.000284 1.000001
9 -0.000738 -0.006419 6.049368 r 0.000949 0.001045 -0.000256 1.000000
10 0.000900 -0.007713 6.675204 r 0.001330 0.001608 -0.000236 0.999999
11 0.003291 -0.009520 7.300965 r 0.001619 0.002165 -0.000222 0.999998
12 0.005981 -0.011714 7.926430 r 0.001836 0.002415 -0.000217 0.999997
13 0.009184 -0.014063 8.551709 r 0.001875 0.002606 -0.000205 0.999996
14 0.012479 -0.016394 9.176856 r 0.001855 0.002649 -0.000202 0.999996
Residuals: 0.716703
Step 37
0 -0.000417 -0.000445 0.419403 r 0.000653 -0.000156 -0.000199 1.000001
1 -0.000685 -0.001357 1.044714 r 0.000574 0.000046 -0.000244 1.000001
2 -0.000739 -0.002406 1.670125 r 0.000857 -0.000038 -0.000283 1.000001
3 -0.000948 -0.003339 2.295661 r 0.000556 -0.000187 -0.000313 1.000001
4 -0.002175 -0.002806 2.921384 r 0.000642 -0.000855 -0.000333 1.000000
5 -0.003295 -0.003132 3.547238 r 0.000248 -0.000259 -0.000339 1.000001
6 -0.003923 -0.003142 4.172766 r -0.000013 0.000050 -0.000309 1.000001
7 -0.003838 -0.002858 4.798174 r 0.000033 0.000423 -0.000299 1.000001
8 -0.003199 -0.002679 5.423717 r 0.000209 0.000828 -0.000309 1.000001
9 -0.002133 -0.002958 6.049340 r 0.000615 0.001091 -0.000278 1.000000
10 -0.000426 -0.003835 6.675188 r 0.000991 0.001663 -0.000257 1.000000
11 0.002039 -0.005219 7.300956 r 0.001278 0.002222 -0.000242 0.999998
12 0.004801 -0.006986 7.926426 r 0.001494 0.002471 -0.000236 0.999997
13 0.008075 -0.008907 8.551709 r 0.001532 0.002662 -0.000224 0.999996
14 0.011439 -0.010810 9.176860 r 0.001513 0.002704 -0.000221 0.999996
Residuals: 0.604745
Step 38
0 -0.000431 -0.000369 0.419170 r 0.000160 -0.000220 -0.000204 1.000001
1 -0.000786 -0.000661 1.044522 r 0.000108 -0.000032 -0.000251 1.000001
2 -0.000940 -0.001128 1.669929 r 0.000397 -0.000117 -0.000290 1.000001
3 -0.001247 -0.001484 2.295402 r 0.000102 -0.000264 -0.000321 1.000001
4 -0.002567 -0.000382 2.921114 r 0.000195 -0.000928 -0.000341 1.000000
5 -0.003759 -0.000154 3.547032 r -0.000155 -0.000313 -0.000346 1.000001
6 -0.004433 0.000329 4.172621 r -0.000373 0.000016 -0.000316 1.000001
7 -0.004379 0.001051 4.798075 r -0.000290 0.000394 -0.000306 1.000001
8 -0.003766 0.001625 5.423655 r -0.000087 0.000801 -0.000315 1.000001
9 -0.002726 0.001707 6.049300 r 0.000340 0.001062 -0.000284 1.000000
10 -0.001053 0.001164 6.675164 r 0.000733 0.001630 -0.000262 1.000000
11 0.001370 0.000094 7.300942 r 0.001030 0.002183 -0.000247 0.999998
12 0.004083 -0.001371 7.926418 r 0.001254 0.002428 -0.000241 0.999998
13 0.007302 -0.002994 8.551703 r 0.001295 0.002618 -0.000229 0.999997
14 0.010612 -0.004600 9.176854 r 0.001276 0.002661 -0.000226 0.999997
Residuals: 0.481230
Step 39
0 -0.000439 -0.000315 0.418899 r -0.000304 -0.000197 -0.000202 1.000001
1 -0.000766 -0.000028 1.044207 r -0.000353 -0.000007 -0.000250 1.000001
2 -0.000888 0.000083 1.669643 r -0.000049 -0.000072 -0.000289 1.000001
3 -0.001138 0.000285 2.295111 r -0.000342 -0.000216 -0.000320 1.000001
4 -0.002396 0.001945 2.920825 r -0.000247 -0.000877 -0.000340 1.000000
5 -0.003522 0.002727 3.546704 r -0.000592 -0.000257 -0.000346 1.000001
6 -0.004123 0.003760 4.172256 r -0.000805 0.000077 -0.000316 1.000001
7 -0.003977 0.005024 4.797764 r -0.000689 0.000464 -0.000308 1.000001
8 -0.003262 0.006091 5.423393 r -0.000446 0.000875 -0.000319 1.000001
9 -0.002117 0.006609 6.049082 r 0.000023 0.001135 -0.000290 1.000000
10 -0.000345 0.006457 6.674971 r 0.000441 0.001700 -0.000270 1.000000
11 0.002169 0.005742 7.300767 r 0.000760 0.002250 -0.000256 0.999999
12 0.004966 0.004613 7.926244 r 0.000987 0.002495 -0.000250 0.999998
13 0.008271 0.003322 8.551531 r 0.001029 0.002686 -0.000239 0.999997
14 0.011665 0.002048 9.176682 r 0.001011 0.002729 -0.000236 0.999997
Residuals: 0.257828
Step 40
0 -0.000398 -0.000242 0.419022 r -0.000727 -0.000054 -0.000218 1.000001
1 -0.000541 0.000579 1.044326 r -0.000768 0.000132 -0.000266 1.000001
2 -0.000483 0.001210 1.669737 r -0.000451 0.000064 -0.000305 1.000001
3 -0.000558 0.001913 2.295203 r -0.000727 -0.000082 -0.000335 1.000001
4 -0.001645 0.004050 2.920919 r -0.000613 -0.000744 -0.000355 1.000000
5 -0.002601 0.005284 3.546802 r -0.000941 -0.000124 -0.000361 1.000001
6 -0.003034 0.006744 4.172351 r -0.001138 0.000211 -0.000330 1.000001
7 -0.002733 0.008398 4.797880 r -0.000970 0.000591 -0.000322 1.000001
8 -0.001868 0.009795 5.423520 r -0.000692 0.001006 -0.000333 1.000001
9 -0.000561 0.010616 6.049206 r -0.000219 0.001267 -0.000304 1.000000
10 0.001376 0.010765 6.675091 r 0.000200 0.001834 -0.000284 1.000000
11 0.004057 0.010351 7.300882 r 0.000518 0.002385 -0.000270 0.999998
12 0.007028 0.009525 7.926356 r 0.000741 0.002643 -0.000263 0.999998
13 0.010520 0.008542 8.551640 r 0.000782 0.002838 -0.000252 0.999997
14 0.014105 0.007575 9.176788 r 0.000765 0.002881 -0.000249 0.999997
Residuals: 0.345125
Step 41
0 -0.000338 -0.000193 0.419251 r -0.001044 0.000237 -0.000237 1.000001
1 -0.000113 0.001027 1.044539 r -0.001082 0.000419 -0.000285 1.000000
2 0.000325 0.002045 1.669957 r -0.000738 0.000320 -0.000324 1.000001
3 0.000574 0.003105 2.295403 r -0.001005 0.000167 -0.000354 1.000000
4 -0.000215 0.005573 2.921111 r -0.000858 -0.000560 -0.000373 1.000000
5 -0.000943 0.007109 3.546965 r -0.001178 0.000049 -0.000379 1.000000
6 -0.001163 0.008860 4.172492 r -0.001367 0.000373 -0.000349 1.000000
7 -0.000673 0.010776 4.798039 r -0.001173 0.000722 -0.000340 1.000000
8 0.000340 0.012409 5.423697 r -0.000880 0.001113 -0.000351 1.000000
9 0.001769 0.013455 6.049381 r -0.000403 0.001360 -0.000322 1.000000
10 0.003813 0.013830 6.675260 r 0.000013 0.001920 -0.000301 1.000000
11 0.006595 0.013650 7.301046 r 0.000328 0.002468 -0.000287 0.999998
12 0.009667 0.013062 7.926527 r 0.000547 0.002726 -0.000280 0.999998
13 0.013262 0.012323 8.551813 r 0.000586 0.002921 -0.000268 0.999997
14 0.016950 0.011601 9.176962 r 0.000569 0.002963 -0.000265 0.999997
Residuals: 0.671781
Step 42
0 -0.000305 -0.000142 0.419603 r -0.001250 0.000377 -0.000228 1.000000
1 0.000101 0.001344 1.044882 r -0.001290 0.000566 -0.000275 1.000000
2 0.000750 0.002648 1.670303 r -0.000930 0.000487 -0.000313 1.000000
3 0.001212 0.003952 2.295738 r -0.001191 0.000339 -0.000343 1.000000
4 0.000660 0.006656 2.921500 r -0.001006 -0.000381 -0.000364 1.000000
5 0.000160 0.008377 3.547334 r -0.001318 0.000229 -0.000370 1.000000
6 0.000170 0.010302 4.172844 r -0.001500 0.000555 -0.000340 1.000000
7 0.000891 0.012381 4.798377 r -0.001300 0.000904 -0.000332 1.000000
8 0.002135 0.014168 5.424021 r -0.001001 0.001295 -0.000343 1.000000
9 0.003792 0.015362 6.049698 r -0.000520 0.001539 -0.000315 1.000000
10 0.006061 0.015873 6.675557 r -0.000098 0.002092 -0.000296 0.999999
11 0.009055 0.015822 7.301331 r 0.000222 0.002633 -0.000283 0.999998
12 0.012329 0.015363 7.926803 r 0.000443 0.002886 -0.000277 0.999997
13 0.016124 0.014753 8.552088 r 0.000483 0.003080 -0.000266 0.999996
14 0.020011 0.014161 9.177237 r 0.000465 0.003123 -0.000263 0.999996
Residuals: 0.314299
Step 43
0 -0.000284 -0.000178 0.419896 r -0.001140 0.000431 -0.000209 1.000000
1 0.000203 0.001173 1.045227 r -0.001220 0.000649 -0.000260 1.000000
2 0.000962 0.002397 1.670724 r -0.000906 0.000580 -0.000299 1.000000
3 0.001565 0.003660 2.296175 r -0.001186 0.000453 -0.000326 1.000000
4 0.001156 0.006376 2.922034 r -0.001051 -0.000273 -0.000342 1.000000
5 0.000785 0.008177 3.547901 r -0.001411 0.000330 -0.000346 1.000000
6 0.000926 0.010262 4.173452 r -0.001655 0.000661 -0.000312 1.000000
7 0.001782 0.012571 4.799022 r -0.001497 0.001013 -0.000298 1.000000
8 0.003160 0.014623 5.424682 r -0.001210 0.001402 -0.000304 1.000000
9 0.004953 0.016092 6.050367 r -0.000733 0.001652 -0.000269 1.000000
10 0.007366 0.016875 6.676248 r -0.000309 0.002213 -0.000247 0.999999
11 0.010516 0.017091 7.302035 r 0.000014 0.002764 -0.000232 0.999998
12 0.013960 0.016892 7.927512 r 0.000238 0.003026 -0.000225 0.999997
13 0.017934 0.016539 8.552796 r 0.000278 0.003225 -0.000212 0.999996
14 0.022005 0.016205 9.177944 r 0.000260 0.003270 -0.000209 0.999996
Residuals: 1.022338
Step 44
0 -0.000301 -0.000170 0.419890 r -0.001127 0.000371 -0.000170 1.000000
1 0.000097 0.001181 1.045255 r -0.001213 0.000606 -0.000216 1.000000
2 0.000799 0.002397 1.670671 r -0.000898 0.000541 -0.000255 1.000000
3 0.001350 0.003652 2.296108 r -0.001178 0.000420 -0.000282 1.000000
4 0.000899 0.006362 2.921902 r -0.001044 -0.000299 -0.000298 1.000000
5 0.000506 0.008164 3.547788 r -0.001401 0.000349 -0.000300 1.000000
6 0.000688 0.010249 4.173384 r -0.001651 0.000724 -0.000264 1.000000
7 0.001626 0.012556 4.798901 r -0.001495 0.001085 -0.000249 1.000000
8 0.003097 0.014607 5.424548 r -0.001209 0.001480 -0.000255 1.000000
9 0.004990 0.016076 6.050233 r -0.000734 0.001733 -0.000221 0.999999
10 0.007514 0.016864 6.676131 r -0.000321 0.002306 -0.000198 0.999999
11 0.010787 0.017098 7.301934 r -0.000006 0.002862 -0.000182 0.999997
12 0.014358 0.016927 7.927422 r 0.000212 0.003126 -0.000175 0.999997
13 0.018459 0.016607 8.552712 r 0.000250 0.003326 -0.000162 0.999996
14 0.022656 0.016307 9.177860 r 0.000232 0.003370 -0.000159 0.999996
Residuals: 0.595577
Step 45
0 -0.000282 -0.000143 0.419776 r -0.001135 0.000273 -0.000153 1.000000
1 0.000004 0.001230 1.045147 r -0.001214 0.000521 -0.000203 1.000000
2 0.000605 0.002452 1.670561 r -0.000889 0.000461 -0.000242 1.000000
3 0.001061 0.003697 2.295992 r -0.001156 0.000344 -0.000268 1.000000
4 0.000518 0.006376 2.921777 r -0.001007 -0.000371 -0.000284 1.000000
5 0.000035 0.008126 3.547672 r -0.001321 0.000280 -0.000288 1.000000
6 0.000130 0.010094 4.173289 r -0.001524 0.000665 -0.000252 1.000000
7 0.000995 0.012226 4.798815 r -0.001334 0.001039 -0.000239 1.000000
8 0.002409 0.014072 5.424462 r -0.001044 0.001435 -0.000244 1.000000
9 0.004246 0.015332 6.050146 r -0.000567 0.001689 -0.000210 1.000000
10 0.006715 0.015910 6.676031 r -0.000154 0.002261 -0.000187 0.999999
11 0.009932 0.015935 7.301823 r 0.000159 0.002817 -0.000171 0.999998
12 0.013447 0.015557 7.927307 r 0.000378 0.003081 -0.000163 0.999997
13 0.017492 0.015031 8.552593 r 0.000415 0.003281 -0.000151 0.999996
14 0.021632 0.014525 9.177741 r 0.000397 0.003325 -0.000148 0.999996
Residuals: 1.155259
Step 46
0 -0.000288 -0.000155 0.419700 r -0.000968 0.000129 -0.000130 1.000001
1 -0.000180 0.001014 1.045074 r -0.001048 0.000383 -0.000180 1.000000
2 0.000263 0.002035 1.670501 r -0.000719 0.000342 -0.000217 1.000001
3 0.000573 0.003068 2.295918 r -0.000983 0.000229 -0.000244 1.000000
4 -0.000106 0.005523 2.921715 r -0.000828 -0.000478 -0.000260 1.000000
5 -0.000721 0.007046 3.547588 r -0.001141 0.000175 -0.000264 1.000000
6 -0.000756 0.008786 4.173163 r -0.001344 0.000560 -0.000229 1.000000
7 -0.000027 0.010683 4.798728 r -0.001167 0.000926 -0.000217 1.000000
8 0.001237 0.012316 5.424392 r -0.000899 0.001310 -0.000223 1.000000
9 0.002908 0.013396 6.050095 r -0.000447 0.001550 -0.000187 1.000000
10 0.005203 0.013826 6.675988 r -0.000049 0.002107 -0.000152 1.000000
11 0.008228 0.013724 7.301781 r 0.000249 0.002663 -0.000134 0.999998
12 0.011547 0.013239 7.927262 r 0.000461 0.002924 -0.000126 0.999997
13 0.015388 0.012611 8.552556 r 0.000496 0.003116 -0.000113 0.999996
14 0.019320 0.012005 9.177708 r 0.000476 0.003158 -0.000110 0.999996
Residuals: 1.636291
Step 47
0 -0.000310 -0.000130 0.419491 r -0.000812 -0.000083 -0.000102 1.000001
1 -0.000465 0.000880 1.044887 r -0.000868 0.000184 -0.000149 1.000001
2 -0.000272 0.001683 1.670297 r -0.000531 0.000150 -0.000186 1.000001
3 -0.000200 0.002483 2.295712 r -0.000785 0.000047 -0.000212 1.000001
4 -0.001103 0.004691 2.921509 r -0.000618 -0.000651 -0.000228 1.000000
5 -0.001917 0.005948 3.547391 r -0.000881 0.000043 -0.000235 1.000001
6 -0.002100 0.007337 4.173002 r -0.001046 0.000446 -0.000202 1.000001
7 -0.001509 0.008857 4.798545 r -0.000862 0.000816 -0.000190 1.000001
8 -0.000379 0.010103 5.424173 r -0.000588 0.001201 -0.000196 1.000001
9 0.001157 0.010790 6.049831 r -0.000132 0.001439 -0.000160 1.000000
10 0.003315 0.010823 6.675696 r 0.000269 0.001995 -0.000125 1.000000
11 0.006198 0.010323 7.301477 r 0.000568 0.002547 -0.000107 0.999998
12 0.009372 0.009438 7.926955 r 0.000780 0.002806 -0.000099 0.999997
13 0.013064 0.008410 8.552236 r 0.000816 0.002996 -0.000086 0.999997
14 0.016846 0.007404 9.177386 r 0.000796 0.003038 -0.000083 0.999996
Residuals: 0.973414
Step 48
0 -0.000288 -0.000113 0.419307 r -0.000607 -0.000190 -0.000083 1.000001
1 -0.000570 0.000649 1.044669 r -0.000658 0.000071 -0.000130 1.000001
2 -0.000513 0.001193 1.670079 r -0.000305 0.000034 -0.000166 1.000001
3 -0.000581 0.001712 2.295480 r -0.000539 -0.000072 -0.000193 1.000001
4 -0.001629 0.003607 2.921281 r -0.000348 -0.000772 -0.000210 1.000000
5 -0.002587 0.004520 3.547159 r -0.000587 -0.000077 -0.000217 1.000001
6 -0.002919 0.005532 4.172727 r -0.000729 0.000324 -0.000185 1.000001
7 -0.002489 0.006620 4.798312 r -0.000459 0.000679 -0.000173 1.000001
8 -0.001536 0.007331 5.423971 r -0.000117 0.001061 -0.000180 1.000001
9 -0.000156 0.007428 6.049645 r 0.000365 0.001323 -0.000156 1.000000
10 0.001856 0.006835 6.675509 r 0.000771 0.001879 -0.000121 1.000000
11 0.004595 0.005703 7.301288 r 0.001073 0.002433 -0.000103 0.999998
12 0.007626 0.004185 7.926763 r 0.001286 0.002693 -0.000095 0.999997
13 0.011178 0.002523 8.552046 r 0.001322 0.002886 -0.000082 0.999996
14 0.014823 0.000883 9.177195 r 0.001303 0.002928 -0.000078 0.999996
Residuals: 1.254898
Step 49
0 -0.000248 -0.000141 0.419201 r -0.000275 -0.000081 -0.000089 1.000001
1 -0.000388 0.000206 1.044565 r -0.000321 0.000173 -0.000137 1.000001
2 -0.000189 0.000310 1.670031 r 0.000072 0.000093 -0.000172 1.000001
3 -0.000181 0.000352 2.295422 r -0.000150 -0.000021 -0.000199 1.000001
4 -0.001186 0.001735 2.921253 r 0.000075 -0.000794 -0.000215 1.000000
5 -0.002174 0.002112 3.547104 r -0.000156 -0.000111 -0.000222 1.000001
6 -0.002553 0.002579 4.172648 r -0.000293 0.000277 -0.000190 1.000001
7 -0.002206 0.003087 4.798291 r -0.000003 0.000587 -0.000179 1.000001
8 -0.001394 0.003204 5.424006 r 0.000346 0.000931 -0.000186 1.000001
9 -0.000201 0.002711 6.049729 r 0.000824 0.001164 -0.000161 1.000000
10 0.001592 0.001543 6.675613 r 0.001216 0.001701 -0.000126 1.000000
11 0.004093 -0.000142 7.301405 r 0.001506 0.002242 -0.000107 0.999998
12 0.006876 -0.002196 7.926888 r 0.001709 0.002494 -0.000099 0.999997
13 0.010177 -0.004382 8.552171 r 0.001741 0.002685 -0.000085 0.999996
14 0.013570 -0.006545 9.177320 r 0.001721 0.002727 -0.000082 0.999996
Residuals: 2.415245
Step 50
0 -0.000255 -0.000172 0.418893 r 0.000190 -0.000071 -0.000087 1.000001
1 -0.000386 -0.000403 1.044247 r 0.000148 0.000185 -0.000134 1.000001
2 -0.000187 -0.000885 1.669771 r 0.000573 0.000111 -0.000169 1.000001
3 -0.000157 -0.001470 2.295152 r 0.000355 0.000004 -0.000196 1.000001
4 -0.001136 -0.000730 2.921072 r 0.000597 -0.000734 -0.000212 1.000000
5 -0.002048 -0.001012 3.546907 r 0.000369 -0.000042 -0.000219 1.000001
6 -0.002339 -0.001205 4.172437 r 0.000230 0.000354 -0.000186 1.000001
7 -0.001896 -0.001352 4.798025 r 0.000514 0.000669 -0.000175 1.000001
8 -0.000983 -0.001882 5.423684 r 0.000855 0.001016 -0.000182 1.000000
9 0.000317 -0.003014 6.049355 r 0.001326 0.001252 -0.000158 1.000000
10 0.002219 -0.004808 6.675194 r 0.001712 0.001789 -0.000122 0.999999
11 0.004831 -0.007111 7.300952 r 0.001995 0.002331 -0.000103 0.999997
12 0.007724 -0.009774 7.926413 r 0.002195 0.002583 -0.000095 0.999996
13 0.011136 -0.012566 8.551684 r 0.002225 0.002773 -0.000081 0.999995
14 0.014640 -0.015331 9.176828 r 0.002203 0.002815 -0.000077 0.999995
Residuals: 1.987080
Step 51
0 -0.000273 -0.000226 0.418866 r 0.000664 -0.000042 -0.000102 1.000001
1 -0.000372 -0.001052 1.044214 r 0.000626 0.000218 -0.000149 1.000001
2 -0.000135 -0.002133 1.669722 r 0.001054 0.000150 -0.000183 1.000001
3 -0.000057 -0.003320 2.295091 r 0.000839 0.000051 -0.000210 1.000001
4 -0.000976 -0.003183 2.920978 r 0.001083 -0.000677 -0.000227 1.000000
5 -0.001802 -0.004053 3.546839 r 0.000855 0.000070 -0.000233 1.000001
6 -0.001931 -0.004837 4.172396 r 0.000720 0.000518 -0.000200 1.000001
7 -0.001275 -0.005596 4.797985 r 0.001008 0.000845 -0.000189 1.000001
8 -0.000135 -0.006744 5.423644 r 0.001354 0.001203 -0.000196 1.000000
9 0.001403 -0.008501 6.049312 r 0.001830 0.001447 -0.000171 0.999999
10 0.003553 -0.010928 6.675148 r 0.002220 0.001990 -0.000135 0.999998
11 0.006419 -0.013870 7.300900 r 0.002508 0.002535 -0.000115 0.999996
12 0.009571 -0.017176 7.926356 r 0.002710 0.002791 -0.000107 0.999994
13 0.013245 -0.020614 8.551624 r 0.002742 0.002983 -0.000092 0.999993
14 0.017010 -0.024027 9.176766 r 0.002720 0.003026 -0.000089 0.999993
Residuals: 1.207720
Step 52
0 -0.000271 -0.000268 0.419197 r 0.001039 0.000057 -0.000100 1.000001
1 -0.000248 -0.001564 1.044539 r 0.001001 0.000317 -0.000147 1.000001
2 0.000113 -0.003116 1.670037 r 0.001431 0.000252 -0.000181 1.000000
3 0.000320 -0.004775 2.295391 r 0.001216 0.000157 -0.000208 1.000001
4 -0.000465 -0.005109 2.921268 r 0.001460 -0.000565 -0.000226 1.000000
5 -0.001150 -0.006451 3.547122 r 0.001235 0.000196 -0.000231 1.000000
6 -0.001106 -0.007712 4.172678 r 0.001105 0.000672 -0.000199 1.000001
7 -0.000240 -0.008955 4.798262 r 0.001398 0.001024 -0.000187 1.000000
8 0.001138 -0.010594 5.423914 r 0.001749 0.001399 -0.000193 0.999999
9 0.002932 -0.012849 6.049577 r 0.002229 0.001652 -0.000167 0.999998
10 0.005346 -0.015781 6.675406 r 0.002625 0.002199 -0.000130 0.999996
11 0.008477 -0.019232 7.301152 r 0.002916 0.002746 -0.000111 0.999994
12 0.011894 -0.023052 7.926601 r 0.003121 0.003001 -0.000102 0.999992
13 0.015831 -0.027004 8.551864 r 0.003153 0.003195 -0.000087 0.999992
14 0.019862 -0.030931 9.177002 r 0.003132 0.003238 -0.000084 0.999991
Residuals: 1.035885
Step 53
0 -0.000292 -0.000302 0.419539 r 0.001373 0.000047 -0.000098 1.000000
1 -0.000295 -0.002007 1.044873 r 0.001336 0.000325 -0.000145 1.000000
2 0.000073 -0.003968 1.670367 r 0.001765 0.000297 -0.000183 1.000000
3 0.000348 -0.006039 2.295722 r 0.001550 0.000259 -0.000211 1.000000
4 -0.000305 -0.006791 2.921596 r 0.001791 -0.000449 -0.000229 0.999999
5 -0.000840 -0.008540 3.547490 r 0.001550 0.000352 -0.000234 1.000000
6 -0.000571 -0.010198 4.173078 r 0.001410 0.000889 -0.000200 1.000000
7 0.000591 -0.011825 4.798689 r 0.001687 0.001288 -0.000186 0.999999
8 0.002320 -0.013827 5.424357 r 0.002019 0.001696 -0.000190 0.999998
9 0.004498 -0.016419 6.050027 r 0.002481 0.001968 -0.000163 0.999997
10 0.007315 -0.019662 6.675858 r 0.002860 0.002523 -0.000126 0.999995
11 0.010856 -0.023404 7.301603 r 0.003139 0.003072 -0.000106 0.999992
12 0.014682 -0.027498 7.927049 r 0.003336 0.003326 -0.000097 0.999991
13 0.019026 -0.031715 8.552308 r 0.003365 0.003518 -0.000082 0.999990
14 0.023461 -0.035907 9.177443 r 0.003344 0.003561 -0.000078 0.999990
Residuals: 1.185990
Step 54
0 -0.000281 -0.000345 0.419785 r 0.001636 0.000184 -0.000094 1.000000
1 -0.000115 -0.002389 1.045120 r 0.001593 0.000472 -0.000141 1.000000
2 0.000437 -0.004675 1.670585 r 0.002021 0.000445 -0.000178 0.999999
3 0.000896 -0.007067 2.295887 r 0.001803 0.000408 -0.000206 1.000000
4 0.000428 -0.008136 2.921745 r 0.002041 -0.000299 -0.000225 0.999999
5 0.000073 -0.010190 3.547665 r 0.001778 0.000509 -0.000229 0.999999
6 0.000538 -0.012125 4.173288 r 0.001620 0.001060 -0.000194 1.000000
7 0.001917 -0.014006 4.798913 r 0.001884 0.001475 -0.000180 0.999999
8 0.003884 -0.016245 5.424587 r 0.002206 0.001899 -0.000183 0.999997
9 0.006325 -0.019064 6.050256 r 0.002662 0.002188 -0.000155 0.999996
10 0.009424 -0.022530 6.676078 r 0.003039 0.002756 -0.000117 0.999994
11 0.013261 -0.026493 7.301812 r 0.003317 0.003314 -0.000096 0.999991
12 0.017391 -0.030810 7.927251 r 0.003514 0.003570 -0.000087 0.999989
13 0.022041 -0.035249 8.552506 r 0.003542 0.003763 -0.000072 0.999988
14 0.026783 -0.039662 9.177637 r 0.003521 0.003807 -0.000069 0.999988
Residuals: 0.782213
Step 55
0 -0.000318 -0.000360 0.420072 r 0.001838 0.000050 -0.000101 1.000000
1 -0.000328 -0.002642 1.045437 r 0.001793 0.000374 -0.000150 1.000000
2 0.000111 -0.005165 1.670912 r 0.002221 0.000410 -0.000189 0.999999
3 0.000549 -0.007799 2.296231 r 0.002003 0.000452 -0.000219 0.999999
4 0.000167 -0.009115 2.922102 r 0.002239 -0.000168 -0.000238 0.999998
5 -0.000013 -0.011407 3.548071 r 0.001956 0.000695 -0.000241 0.999999
6 0.000720 -0.013566 4.173743 r 0.001784 0.001324 -0.000205 0.999999
7 0.002460 -0.015655 4.799382 r 0.002028 0.001801 -0.000188 0.999998
8 0.004860 -0.018076 5.425064 r 0.002326 0.002270 -0.000188 0.999996
9 0.007782 -0.021042 6.050737 r 0.002756 0.002588 -0.000159 0.999995
10 0.011392 -0.024622 6.676562 r 0.003110 0.003171 -0.000120 0.999992
11 0.015757 -0.028667 7.302297 r 0.003371 0.003738 -0.000099 0.999989
12 0.020421 -0.033044 7.927728 r 0.003556 0.003996 -0.000089 0.999988
13 0.025605 -0.037531 8.552976 r 0.003579 0.004190 -0.000074 0.999987
14 0.030879 -0.041989 9.178102 r 0.003557 0.004233 -0.000071 0.999986
Residuals: 1.255738
Step 56
0 -0.000308 -0.000390 0.420137 r 0.001968 0.000189 -0.000095 0.999999
1 -0.000145 -0.002847 1.045511 r 0.001916 0.000524 -0.000143 1.000000
2 0.000489 -0.005530 1.670970 r 0.002339 0.000576 -0.000189 0.999999
3 0.001134 -0.008313 2.296276 r 0.002118 0.000618 -0.000219 0.999999
4 0.000959 -0.009773 2.922059 r 0.002350 -0.000002 -0.000238 0.999998
5 0.000982 -0.012197 3.548059 r 0.002043 0.000862 -0.000240 0.999999
6 0.001923 -0.014456 4.173785 r 0.001852 0.001494 -0.000202 0.999999
7 0.003876 -0.016619 4.799448 r 0.002083 0.001975 -0.000183 0.999998
8 0.006495 -0.019099 5.425140 r 0.002374 0.002448 -0.000183 0.999996
9 0.009643 -0.022119 6.050816 r 0.002803 0.002770 -0.000152 0.999994
10 0.013485 -0.025753 6.676637 r 0.003159 0.003359 -0.000112 0.999991
11 0.018088 -0.029859 7.302366 r 0.003422 0.003929 -0.000090 0.999988
12 0.022994 -0.034299 7.927790 r 0.003608 0.004192 -0.000081 0.999987
13 0.028424 -0.038851 8.553035 r 0.003631 0.004386 -0.000066 0.999986
14 0.033945 -0.043375 9.178157 r 0.003609 0.004429 -0.000062 0.999985
Residuals: 0.462433
Step 57
0 -0.000348 -0.000386 0.420320 r 0.002029 0.000024 -0.000105 0.999999
1 -0.000398 -0.002903 1.045737 r 0.001977 0.000401 -0.000157 1.000000
2 0.000093 -0.005648 1.671230 r 0.002403 0.000520 -0.000206 0.999998
3 0.000691 -0.008502 2.296559 r 0.002186 0.000647 -0.000238 0.999999
4 0.000585 -0.010042 2.922360 r 0.002418 0.000120 -0.000258 0.999998
5 0.000773 -0.012540 3.548412 r 0.002093 0.001046 -0.000259 0.999998
6 0.001983 -0.014863 4.174176 r 0.001891 0.001764 -0.000219 0.999999
7 0.004310 -0.017077 4.799843 r 0.002103 0.002316 -0.000199 0.999997
8 0.007384 -0.019583 5.425539 r 0.002371 0.002840 -0.000196 0.999995
9 0.011042 -0.022596 6.051214 r 0.002774 0.003195 -0.000164 0.999993
10 0.015431 -0.026190 6.677035 r 0.003107 0.003803 -0.000123 0.999990
11 0.020598 -0.030224 7.302761 r 0.003353 0.004382 -0.000101 0.999987
12 0.026076 -0.034571 7.928184 r 0.003527 0.004649 -0.000091 0.999985
13 0.032077 -0.039019 8.553422 r 0.003548 0.004842 -0.000076 0.999984
14 0.038167 -0.043439 9.178542 r 0.003526 0.004885 -0.000072 0.999984
Residuals: 1.175971
Step 58
0 -0.000349 -0.000403 0.420257 r 0.002051 0.000144 -0.000106 0.999999
1 -0.000257 -0.002959 1.045677 r 0.001992 0.000535 -0.000158 0.999999
2 0.000397 -0.005730 1.671186 r 0.002402 0.000674 -0.000208 0.999998
3 0.001189 -0.008583 2.296537 r 0.002162 0.000824 -0.000239 0.999999
4 0.001306 -0.010092 2.922242 r 0.002389 0.000301 -0.000259 0.999998
5 0.001731 -0.012544 3.548314 r 0.002040 0.001246 -0.000259 0.999998
6 0.003204 -0.014790 4.174133 r 0.001818 0.001972 -0.000218 0.999998
7 0.005801 -0.016903 4.799826 r 0.002018 0.002525 -0.000196 0.999997
8 0.009145 -0.019296 5.425538 r 0.002282 0.003046 -0.000193 0.999995
9 0.013066 -0.022195 6.051222 r 0.002687 0.003394 -0.000160 0.999992
10 0.017707 -0.025679 6.677046 r 0.003025 0.003994 -0.000119 0.999990
11 0.023112 -0.029612 7.302772 r 0.003277 0.004566 -0.000098 0.999986
12 0.028821 -0.033865 7.928193 r 0.003452 0.004833 -0.000088 0.999984
13 0.035052 -0.038220 8.553428 r 0.003474 0.005025 -0.000073 0.999983
14 0.041372 -0.042548 9.178544 r 0.003453 0.005068 -0.000069 0.999983
Residuals: 0.295446
Step 59
0 -0.000382 -0.000390 0.420343 r 0.001989 0.000063 -0.000116 0.999999
1 -0.000400 -0.002859 1.045800 r 0.001929 0.000491 -0.000172 1.000000
2 0.000206 -0.005541 1.671342 r 0.002336 0.000691 -0.000225 0.999999
3 0.001039 -0.008303 2.296761 r 0.002091 0.000917 -0.000260 0.999999
4 0.001284 -0.009726 2.922476 r 0.002314 0.000426 -0.000274 0.999998
5 0.001901 -0.012080 3.548608 r 0.001954 0.001454 -0.000274 0.999998
6 0.003670 -0.014216 4.174463 r 0.001717 0.002254 -0.000232 0.999998
7 0.006653 -0.016202 4.800155 r 0.001899 0.002865 -0.000209 0.999996
8 0.010448 -0.018445 5.425862 r 0.002144 0.003426 -0.000203 0.999994
9 0.014861 -0.021169 6.051535 r 0.002530 0.003796 -0.000169 0.999991
10 0.020014 -0.024453 6.677346 r 0.002853 0.004406 -0.000128 0.999988
11 0.025941 -0.028167 7.303062 r 0.003094 0.004981 -0.000106 0.999985
12 0.032170 -0.032185 7.928474 r 0.003263 0.005247 -0.000097 0.999983
13 0.038919 -0.036301 8.553704 r 0.003282 0.005439 -0.000081 0.999982
14 0.045756 -0.040389 9.178818 r 0.003260 0.005482 -0.000078 0.999981
Residuals: 0.799627
Step 60
0 -0.000387 -0.000387 0.420239 r 0.001884 0.000165 -0.000117 1.000000
1 -0.000289 -0.002730 1.045708 r 0.001819 0.000612 -0.000174 1.000000
2 0.000464 -0.005275 1.671269 r 0.002212 0.000841 -0.000229 0.999999
3 0.001489 -0.007878 2.296722 r 0.001947 0.001103 -0.000266 0.999999
4 0.001969 -0.009120 2.922391 r 0.002164 0.000620 -0.000280 0.999998
5 0.002848 -0.011280 3.548572 r 0.001782 0.001682 -0.000279 0.999998
6 0.004922 -0.013193 4.174478 r 0.001522 0.002506 -0.000236 0.999998
7 0.008240 -0.014929 4.800186 r 0.001687 0.003131 -0.000210 0.999996
8 0.012382 -0.016901 5.425899 r 0.001919 0.003696 -0.000203 0.999993
9 0.017140 -0.019340 6.051574 r 0.002298 0.004062 -0.000169 0.999991
10 0.022630 -0.022331 6.677382 r 0.002617 0.004665 -0.000127 0.999988
11 0.028881 -0.025750 7.303092 r 0.002858 0.005232 -0.000106 0.999984
12 0.035420 -0.029474 7.928501 r 0.003028 0.005491 -0.000097 0.999982
13 0.042471 -0.033296 8.553729 r 0.003049 0.005679 -0.000082 0.999981
14 0.049608 -0.037092 9.178839 r 0.003027 0.005722 -0.000078 0.999981
Residuals: 0.230909
Step 61
0 -0.000424 -0.000375 0.420216 r 0.001739 0.000110 -0.000128 1.000000
1 -0.000406 -0.002535 1.045724 r 0.001665 0.000603 -0.000189 1.000000
2 0.000336 -0.004881 1.671318 r 0.002040 0.000898 -0.000248 0.999999
3 0.001448 -0.007259 2.296835 r 0.001750 0.001241 -0.000287 0.999999
4 0.002104 -0.008251 2.922499 r 0.001959 0.000773 -0.000301 0.999999
5 0.003208 -0.010140 3.548740 r 0.001545 0.001917 -0.000298 0.999998
6 0.005612 -0.011743 4.174693 r 0.001255 0.002811 -0.000253 0.999997
7 0.009346 -0.013134 4.800407 r 0.001395 0.003491 -0.000224 0.999995
8 0.013964 -0.014731 5.426119 r 0.001609 0.004092 -0.000215 0.999992
9 0.019236 -0.016776 6.051786 r 0.001976 0.004478 -0.000178 0.999990
10 0.025258 -0.019361 6.677585 r 0.002288 0.005090 -0.000135 0.999987
11 0.032042 -0.022363 7.303288 r 0.002525 0.005658 -0.000114 0.999983
12 0.039116 -0.025670 7.928691 r 0.002695 0.005918 -0.000105 0.999981
13 0.046701 -0.029077 8.553913 r 0.002716 0.006106 -0.000091 0.999980
14 0.054372 -0.032457 9.179022 r 0.002695 0.006149 -0.000087 0.999979
Residuals: 0.595112
Step 62
0 -0.000435 -0.000353 0.420051 r 0.001493 0.000179 -0.000135 1.000000
1 -0.000343 -0.002208 1.045582 r 0.001413 0.000698 -0.000197 1.000000
2 0.000521 -0.004240 1.671201 r 0.001778 0.001038 -0.000258 0.999999
3 0.001820 -0.006288 2.296788 r 0.001471 0.001433 -0.000298 1.000000
4 0.002720 -0.006930 2.922430 r 0.001674 0.000976 -0.000312 0.999999
5 0.004099 -0.008457 3.548748 r 0.001236 0.002168 -0.000309 0.999998
6 0.006838 -0.009669 4.174765 r 0.000923 0.003099 -0.000262 0.999997
7 0.010950 -0.010640 4.800487 r 0.001042 0.003802 -0.000232 0.999994
8 0.015972 -0.011793 5.426201 r 0.001240 0.004414 -0.000222 0.999991
9 0.021656 -0.013372 6.051864 r 0.001595 0.004802 -0.000185 0.999989
10 0.028087 -0.015479 6.677658 r 0.001901 0.005409 -0.000142 0.999986
11 0.035272 -0.017995 7.303352 r 0.002133 0.005971 -0.000122 0.999982
12 0.042734 -0.020811 7.928749 r 0.002302 0.006225 -0.000113 0.999980
13 0.050702 -0.023726 8.553967 r 0.002323 0.006410 -0.000099 0.999979
14 0.058752 -0.026615 9.179074 r 0.002302 0.006453 -0.000095 0.999979
Residuals: 0.181348
Step 63
0 -0.000470 -0.000320 0.419900 r 0.001189 0.000133 -0.000142 1.000001
1 -0.000445 -0.001790 1.045479 r 0.001103 0.000702 -0.000210 1.000001
2 0.000430 -0.003424 1.671142 r 0.001453 0.001113 -0.000275 1.000000
3 0.001843 -0.005057 2.296803 r 0.001125 0.001594 -0.000318 1.000000
4 0.002948 -0.005262 2.922434 r 0.001320 0.001153 -0.000333 0.999999
5 0.004588 -0.006337 3.548824 r 0.000855 0.002428 -0.000330 0.999998
6 0.007690 -0.007062 4.174901 r 0.000514 0.003428 -0.000282 0.999996
7 0.012246 -0.007513 4.800634 r 0.000609 0.004181 -0.000251 0.999993
8 0.017764 -0.008116 5.426348 r 0.000785 0.004821 -0.000240 0.999990
9 0.023974 -0.009121 6.052004 r 0.001125 0.005224 -0.000202 0.999988
10 0.030942 -0.010636 6.677788 r 0.001422 0.005835 -0.000159 0.999984
11 0.038665 -0.012548 7.303472 r 0.001648 0.006398 -0.000140 0.999980
12 0.046662 -0.014757 7.928865 r 0.001817 0.006651 -0.000132 0.999979
13 0.055162 -0.017066 8.554078 r 0.001838 0.006836 -0.000117 0.999977
14 0.063745 -0.019349 9.179178 r 0.001817 0.006879 -0.000114 0.999977
Residuals: 0.439641
Step 64
0 -0.000489 -0.000274 0.419622 r 0.000776 0.000167 -0.000154 1.000001
1 -0.000427 -0.001225 1.045241 r 0.000686 0.000776 -0.000225 1.000001
2 0.000548 -0.002333 1.670945 r 0.001026 0.001244 -0.000293 1.000000
3 0.002142 -0.003425 2.296684 r 0.000683 0.001790 -0.000338 1.000000
4 0.003498 -0.003076 2.922295 r 0.000872 0.001363 -0.000352 1.000000
5 0.005431 -0.003583 3.548766 r 0.000387 0.002698 -0.000349 0.999998
6 0.008900 -0.003717 4.174913 r 0.000027 0.003746 -0.000300 0.999995
7 0.013877 -0.003554 4.800658 r 0.000104 0.004530 -0.000268 0.999992
8 0.019850 -0.003523 5.426371 r 0.000268 0.005186 -0.000255 0.999989
9 0.026527 -0.003879 6.052021 r 0.000600 0.005592 -0.000217 0.999986
10 0.033961 -0.004735 6.677796 r 0.000892 0.006202 -0.000174 0.999983
11 0.042145 -0.005984 7.303471 r 0.001117 0.006760 -0.000155 0.999979
12 0.050595 -0.007529 7.928857 r 0.001287 0.007013 -0.000147 0.999977
13 0.059547 -0.009174 8.554067 r 0.001308 0.007195 -0.000133 0.999976
14 0.068579 -0.010795 9.179164 r 0.001287 0.007238 -0.000129 0.999975
Residuals: 0.231715
Step 65
0 -0.000507 -0.000200 0.419317 r 0.000235 0.000158 -0.000166 1.000001
1 -0.000458 -0.000459 1.044986 r 0.000145 0.000806 -0.000241 1.000002
2 0.000567 -0.000877 1.670747 r 0.000487 0.001333 -0.000312 1.000001
3 0.002297 -0.001286 2.296573 r 0.000148 0.001952 -0.000360 1.000000
4 0.003861 -0.000265 2.922174 r 0.000335 0.001542 -0.000374 1.000000
5 0.006053 -0.000098 3.548733 r -0.000150 0.002955 -0.000372 0.999997
6 0.009881 0.000439 4.174954 r -0.000513 0.004074 -0.000323 0.999994
7 0.015301 0.001275 4.800726 r -0.000445 0.004917 -0.000290 0.999990
8 0.021783 0.001990 5.426449 r -0.000295 0.005616 -0.000276 0.999986
9 0.029014 0.002338 6.052094 r 0.000022 0.006048 -0.000237 0.999984
10 0.037031 0.002208 6.677859 r 0.000299 0.006673 -0.000195 0.999980
11 0.045810 0.001705 7.303521 r 0.000512 0.007239 -0.000176 0.999976
12 0.054863 0.000921 7.928897 r 0.000673 0.007494 -0.000168 0.999974
13 0.064416 0.000043 8.554097 r 0.000695 0.007676 -0.000154 0.999973
14 0.074050 -0.000811 9.179186 r 0.000674 0.007718 -0.000151 0.999972
Residuals: 0.300523
Step 66
0 -0.000496 -0.000102 0.418873 r -0.000457 0.000260 -0.000174 1.000001
1 -0.000301 0.000526 1.044579 r -0.000538 0.000945 -0.000250 1.000001
2 0.000923 0.000978 1.670394 r -0.000176 0.001516 -0.000323 1.000001
3 0.002912 0.001408 2.296282 r -0.000488 0.002183 -0.000372 0.999999
4 0.004772 0.003226 2.921869 r -0.000294 0.001784 -0.000386 1.000000
5 0.007300 0.004178 3.548500 r -0.000746 0.003245 -0.000384 0.999996
6 0.011500 0.005457 4.174774 r -0.001080 0.004383 -0.000336 0.999992
7 0.017315 0.006996 4.800583 r -0.000986 0.005243 -0.000304 0.999988
8 0.024213 0.008383 5.426332 r -0.000815 0.005957 -0.000291 0.999984
9 0.031878 0.009375 6.051992 r -0.000483 0.006403 -0.000253 0.999982
10 0.040346 0.009872 6.677758 r -0.000197 0.007039 -0.000211 0.999978
11 0.049589 0.009985 7.303417 r 0.000022 0.007614 -0.000192 0.999973
12 0.059112 0.009812 7.928788 r 0.000185 0.007870 -0.000184 0.999972
13 0.069137 0.009543 8.553981 r 0.000208 0.008054 -0.000170 0.999970
14 0.079244 0.009297 9.179063 r 0.000187 0.008097 -0.000167 0.999970
Residuals: 0.223176
Step 67
0 -0.000450 -0.000051 0.419251 r -0.000952 0.000503 -0.000153 1.000001
1 0.000070 0.001208 1.044975 r -0.001055 0.001210 -0.000230 1.000001
2 0.001644 0.002312 1.670823 r -0.000710 0.001793 -0.000302 1.000000
3 0.003984 0.003410 2.296700 r -0.001022 0.002461 -0.000351 0.999998
4 0.006194 0.005895 2.922271 r -0.000829 0.002061 -0.000365 0.999999
5 0.009071 0.007516 3.548882 r -0.001281 0.003520 -0.000363 0.999995
6 0.013617 0.009463 4.175136 r -0.001617 0.004655 -0.000315 0.999990
7 0.019764 0.011668 4.800969 r -0.001539 0.005494 -0.000282 0.999986
8 0.026964 0.013744 5.426740 r -0.001387 0.006188 -0.000268 0.999982
9 0.034904 0.015455 6.052421 r -0.001076 0.006614 -0.000228 0.999980
10 0.043625 0.016702 6.678206 r -0.000811 0.007235 -0.000183 0.999976
11 0.053104 0.017593 7.303879 r -0.000610 0.007797 -0.000163 0.999972
12 0.062849 0.018219 7.929252 r -0.000458 0.008045 -0.000154 0.999970
13 0.073090 0.018759 8.554449 r -0.000441 0.008225 -0.000141 0.999968
14 0.083411 0.019324 9.179526 r -0.000462 0.008268 -0.000137 0.999968
Residuals: 0.656322
Step 68
0 -0.000394 -0.000041 0.419854 r -0.001374 0.000782 -0.000104 1.000000
1 0.000483 0.001737 1.045584 r -0.001504 0.001480 -0.000190 1.000000
2 0.002396 0.003403 1.671419 r -0.001164 0.002054 -0.000264 0.999999
3 0.005050 0.005084 2.297299 r -0.001507 0.002681 -0.000319 0.999997
4 0.007517 0.008200 2.922874 r -0.001328 0.002243 -0.000338 0.999998
5 0.010602 0.010475 3.549483 r -0.001775 0.003675 -0.000339 0.999993
6 0.015329 0.013048 4.175732 r -0.002100 0.004808 -0.000286 0.999989
7 0.021663 0.015861 4.801528 r -0.002015 0.005651 -0.000254 0.999985
8 0.029056 0.018534 5.427257 r -0.001856 0.006352 -0.000241 0.999981
9 0.037202 0.020832 6.052894 r -0.001539 0.006788 -0.000202 0.999978
10 0.046141 0.022658 6.678640 r -0.001270 0.007419 -0.000158 0.999975
11 0.055852 0.024123 7.304278 r -0.001067 0.007989 -0.000138 0.999970
12 0.065840 0.025319 7.929626 r -0.000913 0.008243 -0.000130 0.999968
13 0.076330 0.026428 8.554806 r -0.000897 0.008425 -0.000117 0.999967
14 0.086904 0.027564 9.179881 r -0.000918 0.008471 -0.000114 0.999966
Residuals: 0.866166
Step 69
0 -0.000370 -0.000005 0.420393 r -0.001728 0.000941 -0.000083 1.000000
1 0.000709 0.002215 1.046137 r -0.001862 0.001640 -0.000169 0.999999
2 0.002824 0.004329 1.671960 r -0.001524 0.002215 -0.000244 0.999998
3 0.005681 0.006460 2.297825 r -0.001868 0.002842 -0.000300 0.999996
4 0.008352 0.010025 2.923398 r -0.001702 0.002400 -0.000321 0.999997
5 0.011635 0.012768 3.549975 r -0.002151 0.003831 -0.000324 0.999992
6 0.016558 0.015811 4.176208 r -0.002481 0.004961 -0.000271 0.999987
7 0.023080 0.019106 4.801997 r -0.002419 0.005792 -0.000241 0.999983
8 0.030645 0.022294 5.427724 r -0.002286 0.006480 -0.000229 0.999979
9 0.038944 0.025144 6.053360 r -0.001994 0.006902 -0.000190 0.999977
10 0.048020 0.027556 6.679104 r -0.001748 0.007520 -0.000146 0.999973
11 0.057852 0.029635 7.304741 r -0.001564 0.008080 -0.000126 0.999969
12 0.067947 0.031466 7.930087 r -0.001423 0.008327 -0.000117 0.999967
13 0.078540 0.033221 8.555264 r -0.001412 0.008506 -0.000103 0.999965
14 0.089214 0.035002 9.180336 r -0.001434 0.008551 -0.000100 0.999965
Residuals: 0.933075
Step 70
0 -0.000322 0.000004 0.420847 r -0.001990 0.001186 -0.000077 0.999999
1 0.001076 0.002525 1.046640 r -0.002125 0.001870 -0.000165 0.999998
2 0.003485 0.004942 1.672498 r -0.001795 0.002415 -0.000241 0.999997
3 0.006601 0.007398 2.298388 r -0.002167 0.003007 -0.000297 0.999995
4 0.009484 0.011333 2.923986 r -0.002039 0.002519 -0.000315 0.999996
5 0.012919 0.014509 3.550585 r -0.002535 0.003897 -0.000317 0.999991
6 0.017919 0.018046 4.176853 r -0.002894 0.004964 -0.000264 0.999986
7 0.024442 0.021857 4.802632 r -0.002827 0.005783 -0.000234 0.999982
8 0.031991 0.025552 5.428343 r -0.002684 0.006460 -0.000223 0.999978
9 0.040263 0.028896 6.053960 r -0.002384 0.006875 -0.000185 0.999976
10 0.049301 0.031792 6.679687 r -0.002131 0.007487 -0.000142 0.999973
11 0.059090 0.034347 7.305309 r -0.001941 0.008044 -0.000122 0.999968
12 0.069140 0.036646 7.930645 r -0.001797 0.008289 -0.000114 0.999967
13 0.079685 0.038868 8.555817 r -0.001785 0.008468 -0.000101 0.999965
14 0.090310 0.041115 9.180886 r -0.001806 0.008513 -0.000098 0.999965
Residuals: 1.851626
Step 71
0 -0.000344 0.000088 0.421143 r -0.002279 0.001218 -0.000067 0.999998
1 0.001088 0.002976 1.046886 r -0.002416 0.001907 -0.000155 0.999998
2 0.003540 0.005760 1.672673 r -0.002088 0.002460 -0.000231 0.999997
3 0.006713 0.008588 2.298526 r -0.002461 0.003061 -0.000286 0.999995
4 0.009669 0.012898 2.924099 r -0.002331 0.002581 -0.000304 0.999995
5 0.013190 0.016445 3.550667 r -0.002823 0.003966 -0.000306 0.999990
6 0.018287 0.020349 4.176867 r -0.003174 0.005037 -0.000253 0.999985
7 0.024910 0.024513 4.802628 r -0.003094 0.005855 -0.000222 0.999981
8 0.032560 0.028541 5.428329 r -0.002934 0.006529 -0.000211 0.999977
9 0.040923 0.032191 6.053946 r -0.002612 0.006937 -0.000173 0.999975
10 0.050043 0.035362 6.679676 r -0.002337 0.007541 -0.000130 0.999972
11 0.059899 0.038163 7.305303 r -0.002127 0.008090 -0.000111 0.999968
12 0.070004 0.040684 7.930645 r -0.001967 0.008329 -0.000104 0.999966
13 0.080596 0.043109 8.555818 r -0.001945 0.008504 -0.000091 0.999964
14 0.091266 0.045553 9.180886 r -0.001962 0.008548 -0.000089 0.999964
Residuals: 0.987492
Step 72
0 -0.000334 0.000018 0.421406 r -0.002039 0.001261 -0.000089 0.999999
1 0.001147 0.002565 1.047185 r -0.002192 0.001935 -0.000184 0.999998
2 0.003622 0.005049 1.673017 r -0.001915 0.002467 -0.000267 0.999997
3 0.006815 0.007699 2.298958 r -0.002407 0.003065 -0.000322 0.999995
4 0.009787 0.012005 2.924619 r -0.002419 0.002582 -0.000339 0.999995
5 0.013322 0.015739 3.551283 r -0.003058 0.003965 -0.000338 0.999989
6 0.018429 0.020008 4.177568 r -0.003547 0.005032 -0.000277 0.999984
7 0.025072 0.024719 4.803432 r -0.003591 0.005866 -0.000244 0.999979
8 0.032751 0.029436 5.429211 r -0.003526 0.006547 -0.000229 0.999975
9 0.041145 0.033874 6.054873 r -0.003267 0.006954 -0.000189 0.999973
10 0.050285 0.037893 6.680623 r -0.003025 0.007550 -0.000146 0.999970
11 0.060148 0.041569 7.306255 r -0.002828 0.008091 -0.000127 0.999966
12 0.070253 0.044971 7.931598 r -0.002673 0.008328 -0.000119 0.999965
13 0.080840 0.048281 8.556772 r -0.002652 0.008498 -0.000107 0.999963
14 0.091503 0.051610 9.181834 r -0.002669 0.008542 -0.000104 0.999963
Residuals: 2.263227
Step 73
0 -0.000302 0.000026 0.421334 r -0.002244 0.001320 -0.000076 0.999998
1 0.001257 0.002828 1.047094 r -0.002396 0.001990 -0.000170 0.999997
2 0.003802 0.005564 1.672837 r -0.002118 0.002515 -0.000254 0.999997
3 0.007046 0.008457 2.298853 r -0.002606 0.003069 -0.000314 0.999994
4 0.010020 0.013007 2.924343 r -0.002610 0.002576 -0.000331 0.999995
5 0.013522 0.016973 3.551095 r -0.003225 0.003919 -0.000333 0.999989
6 0.018550 0.021444 4.177457 r -0.003686 0.004960 -0.000273 0.999984
7 0.025097 0.026323 4.803217 r -0.003725 0.005790 -0.000240 0.999979
8 0.032678 0.031204 5.428857 r -0.003657 0.006471 -0.000226 0.999975
9 0.040974 0.035804 6.054426 r -0.003397 0.006878 -0.000187 0.999973
10 0.050016 0.039984 6.680122 r -0.003154 0.007474 -0.000143 0.999970
11 0.059784 0.043822 7.305730 r -0.002958 0.008016 -0.000124 0.999966
12 0.069795 0.047388 7.931063 r -0.002804 0.008254 -0.000117 0.999965
13 0.080290 0.050862 8.556231 r -0.002784 0.008425 -0.000105 0.999963
14 0.090861 0.054355 9.181292 r -0.002801 0.008469 -0.000102 0.999963
Residuals: 1.306095
Step 74
0 -0.000282 0.000067 0.421414 r -0.002423 0.001254 -0.000046 0.999998
1 0.001198 0.003100 1.047156 r -0.002574 0.001924 -0.000141 0.999997
2 0.003666 0.006066 1.672883 r -0.002291 0.002450 -0.000227 0.999996
3 0.006832 0.009183 2.298795 r -0.002770 0.003003 -0.000287 0.999994
4 0.009726 0.013943 2.924273 r -0.002761 0.002510 -0.000306 0.999995
5 0.013149 0.018100 3.550905 r -0.003357 0.003854 -0.000310 0.999989
6 0.018098 0.022737 4.177166 r -0.003798 0.004896 -0.000253 0.999984
7 0.024570 0.027755 4.802914 r -0.003815 0.005730 -0.000222 0.999979
8 0.032080 0.032746 5.428555 r -0.003726 0.006415 -0.000210 0.999975
9 0.040309 0.037427 6.054124 r -0.003447 0.006827 -0.000172 0.999973
10 0.049286 0.041624 6.679857 r -0.003130 0.007412 -0.000142 0.999971
11 0.058981 0.045425 7.305468 r -0.002923 0.007958 -0.000126 0.999967
12 0.068922 0.048927 7.930816 r -0.002742 0.008195 -0.000124 0.999965
13 0.079343 0.052320 8.555984 r -0.002718 0.008367 -0.000113 0.999964
14 0.089844 0.055729 9.181051 r -0.002732 0.008414 -0.000111 0.999964
Residuals: 0.690416
Step 75
0 -0.000253 -0.000007 0.421578 r -0.002269 0.001285 -0.000040 0.999998
1 0.001276 0.002778 1.047373 r -0.002435 0.001928 -0.000142 0.999998
2 0.003742 0.005543 1.673148 r -0.002209 0.002416 -0.000235 0.999997
3 0.006866 0.008552 2.299063 r -0.002716 0.002946 -0.000293 0.999994
4 0.009697 0.013299 2.924623 r -0.002854 0.002420 -0.000314 0.999995
5 0.013006 0.017585 3.551253 r -0.003477 0.003753 -0.000319 0.999989
6 0.017828 0.022385 4.177507 r -0.003941 0.004785 -0.000262 0.999984
7 0.024158 0.027593 4.803241 r -0.003976 0.005608 -0.000233 0.999979
8 0.031503 0.032832 5.428912 r -0.003955 0.006250 -0.000222 0.999975
9 0.039510 0.037830 6.054499 r -0.003712 0.006624 -0.000185 0.999974
10 0.048219 0.042376 6.680240 r -0.003411 0.007181 -0.000157 0.999971
11 0.057613 0.046536 7.305857 r -0.003206 0.007710 -0.000141 0.999968
12 0.067236 0.050396 7.931211 r -0.003023 0.007937 -0.000141 0.999967
13 0.077330 0.054140 8.556388 r -0.002996 0.008105 -0.000130 0.999965
14 0.087503 0.057896 9.181456 r -0.003009 0.008152 -0.000128 0.999965
Residuals: 2.736124
Step 76
0 -0.000268 -0.000028 0.421513 r -0.002205 0.001201 -0.000035 0.999998
1 0.001155 0.002675 1.047266 r -0.002372 0.001843 -0.000137 0.999998
2 0.003513 0.005358 1.672941 r -0.002150 0.002328 -0.000230 0.999997
3 0.006521 0.008289 2.298907 r -0.002679 0.002850 -0.000290 0.999995
4 0.009228 0.012989 2.924565 r -0.002846 0.002311 -0.000313 0.999995
5 0.012396 0.017268 3.551239 r -0.003504 0.003625 -0.000319 0.999989
6 0.017054 0.022110 4.177530 r -0.004006 0.004633 -0.000263 0.999984
7 0.023188 0.027409 4.803296 r -0.004078 0.005428 -0.000233 0.999980
8 0.030305 0.032777 5.428872 r -0.004060 0.006064 -0.000223 0.999976
9 0.038078 0.037907 6.054407 r -0.003820 0.006433 -0.000186 0.999975
10 0.046545 0.042590 6.680124 r -0.003520 0.006986 -0.000158 0.999972
11 0.055692 0.046888 7.305735 r -0.003317 0.007510 -0.000143 0.999969
12 0.065063 0.050886 7.931089 r -0.003134 0.007736 -0.000142 0.999968
13 0.074905 0.054767 8.556269 r -0.003105 0.007902 -0.000132 0.999966
14 0.084825 0.058660 9.181337 r -0.003119 0.007949 -0.000130 0.999966
Residuals: 1.797996
Step 77
0 -0.000346 0.000029 0.421294 r -0.002171 0.000995 -0.000029 0.999999
1 0.000809 0.002690 1.047033 r -0.002342 0.001642 -0.000130 0.999998
2 0.002910 0.005341 1.672692 r -0.002126 0.002138 -0.000223 0.999998
3 0.005676 0.008249 2.298614 r -0.002660 0.002672 -0.000282 0.999995
4 0.008163 0.012934 2.924261 r -0.002833 0.002145 -0.000304 0.999995
5 0.011133 0.017207 3.550906 r -0.003493 0.003469 -0.000309 0.999990
6 0.015605 0.022041 4.177171 r -0.003990 0.004484 -0.000253 0.999985
7 0.021565 0.027326 4.802916 r -0.004054 0.005281 -0.000223 0.999981
8 0.028508 0.032662 5.428481 r -0.004021 0.005914 -0.000212 0.999977
9 0.036099 0.037738 6.054012 r -0.003761 0.006276 -0.000175 0.999976
10 0.044373 0.042337 6.679729 r -0.003442 0.006820 -0.000147 0.999974
11 0.053312 0.046526 7.305344 r -0.003221 0.007336 -0.000132 0.999971
12 0.062464 0.050395 7.930703 r -0.003026 0.007555 -0.000133 0.999970
13 0.072079 0.054136 8.555886 r -0.002992 0.007719 -0.000123 0.999968
14 0.081768 0.057884 9.180961 r -0.003002 0.007765 -0.000122 0.999968
Residuals: 1.393083
Step 78
0 -0.000357 -0.000067 0.421131 r -0.001732 0.000820 -0.000050 1.000000
1 0.000577 0.001996 1.046918 r -0.001929 0.001452 -0.000160 1.000000
2 0.002449 0.004139 1.672653 r -0.001796 0.001937 -0.000253 0.999999
3 0.004972 0.006671 2.298680 r -0.002447 0.002458 -0.000311 0.999996
4 0.007194 0.011100 2.924343 r -0.002644 0.001928 -0.000333 0.999996
5 0.009897 0.015206 3.551086 r -0.003440 0.003238 -0.000335 0.999991
6 0.014083 0.020046 4.177434 r -0.004061 0.004240 -0.000275 0.999986
7 0.019739 0.025431 4.803191 r -0.004143 0.005037 -0.000244 0.999981
8 0.026384 0.030935 5.428828 r -0.004192 0.005671 -0.000229 0.999978
9 0.033677 0.036267 6.054408 r -0.003990 0.006034 -0.000187 0.999976
10 0.041652 0.041180 6.680161 r -0.003708 0.006578 -0.000155 0.999975
11 0.050288 0.045718 7.305794 r -0.003508 0.007092 -0.000137 0.999971
12 0.059133 0.049956 7.931165 r -0.003324 0.007309 -0.000136 0.999971
13 0.068437 0.054072 8.556356 r -0.003291 0.007471 -0.000125 0.999969
14 0.077816 0.058194 9.181430 r -0.003301 0.007516 -0.000124 0.999969
Residuals: 2.912913
Step 79
0 -0.000412 -0.000113 0.420734 r -0.001486 0.000535 -0.000027 1.000000
1 0.000161 0.001640 1.046518 r -0.001684 0.001166 -0.000137 1.000000
2 0.001669 0.003474 1.672133 r -0.001555 0.001650 -0.000230 1.000000
3 0.003809 0.005715 2.298259 r -0.002237 0.002182 -0.000291 0.999998
4 0.005668 0.009901 2.924028 r -0.002479 0.001667 -0.000315 0.999997
5 0.008034 0.013826 3.550878 r -0.003324 0.002993 -0.000319 0.999992
6 0.011908 0.018550 4.177326 r -0.003994 0.004009 -0.000261 0.999987
7 0.017273 0.023879 4.803160 r -0.004120 0.004816 -0.000231 0.999983
8 0.023641 0.029358 5.428768 r -0.004174 0.005451 -0.000215 0.999979
9 0.030658 0.034669 6.054273 r -0.003975 0.005815 -0.000173 0.999978
10 0.038357 0.039566 6.679979 r -0.003694 0.006359 -0.000141 0.999976
11 0.046719 0.044088 7.305589 r -0.003496 0.006873 -0.000122 0.999973
12 0.055291 0.048311 7.930949 r -0.003311 0.007091 -0.000121 0.999972
13 0.064323 0.052411 8.556138 r -0.003278 0.007253 -0.000111 0.999971
14 0.073429 0.056517 9.181215 r -0.003287 0.007299 -0.000109 0.999971
Residuals: 2.096119
Step 80
0 -0.000475 -0.000206 0.420160 r -0.001202 0.000285 -0.000028 1.000001
1 -0.000216 0.001177 1.045912 r -0.001410 0.000915 -0.000139 1.000001
2 0.000982 0.002661 1.671494 r -0.001301 0.001400 -0.000234 1.000000
3 0.002809 0.004585 2.297554 r -0.002018 0.001928 -0.000297 0.999999
4 0.004348 0.008513 2.923248 r -0.002305 0.001399 -0.000322 0.999998
5 0.006376 0.012241 3.550052 r -0.003191 0.002707 -0.000326 0.999993
6 0.009890 0.016817 4.176459 r -0.003890 0.003705 -0.000267 0.999988
7 0.014872 0.022033 4.802256 r -0.004031 0.004494 -0.000235 0.999985
8 0.020837 0.027412 5.427852 r -0.004084 0.005116 -0.000218 0.999981
9 0.027434 0.032619 6.053347 r -0.003876 0.005470 -0.000176 0.999980
10 0.034703 0.037393 6.679048 r -0.003581 0.006009 -0.000143 0.999979
11 0.042627 0.041770 7.304658 r -0.003366 0.006521 -0.000124 0.999976
12 0.050759 0.045824 7.930025 r -0.003169 0.006739 -0.000123 0.999975
13 0.059350 0.049741 8.555221 r -0.003128 0.006901 -0.000113 0.999974
14 0.068018 0.053657 9.180305 r -0.003133 0.006949 -0.000112 0.999974
Residuals: 2.013169
Step 81
0 -0.000466 -0.000210 0.419760 r -0.001076 0.000033 -0.000048 1.000001
1 -0.000480 0.001028 1.045544 r -0.001282 0.000664 -0.000156 1.000002
2 0.000408 0.002354 1.671126 r -0.001166 0.001147 -0.000250 1.000001
3 0.001926 0.004095 2.297241 r -0.001847 0.001639 -0.000310 1.000000
4 0.003097 0.007789 2.923015 r -0.002091 0.001071 -0.000333 0.999999
5 0.004697 0.011228 3.549873 r -0.002935 0.002347 -0.000334 0.999995
6 0.007736 0.015469 4.176322 r -0.003599 0.003325 -0.000272 0.999991
7 0.012221 0.020311 4.802145 r -0.003715 0.004111 -0.000238 0.999988
8 0.017704 0.025294 5.427749 r -0.003767 0.004736 -0.000221 0.999985
9 0.023814 0.030104 6.053263 r -0.003551 0.005112 -0.000176 0.999983
10 0.030632 0.034473 6.678988 r -0.003252 0.005677 -0.000141 0.999982
11 0.038146 0.038441 7.304624 r -0.003037 0.006214 -0.000120 0.999979
12 0.045904 0.042086 7.930011 r -0.002841 0.006451 -0.000118 0.999978
13 0.054143 0.045594 8.555223 r -0.002803 0.006623 -0.000107 0.999977
14 0.062463 0.049104 9.180313 r -0.002808 0.006670 -0.000107 0.999977
Residuals: 2.497329
Step 82
0 -0.000481 -0.000237 0.419498 r -0.000803 -0.000218 -0.000031 1.000001
1 -0.000807 0.000660 1.045273 r -0.001008 0.000413 -0.000139 1.000002
2 -0.000221 0.001641 1.670874 r -0.000881 0.000886 -0.000233 1.000002
3 0.000972 0.003024 2.296913 r -0.001559 0.001375 -0.000295 1.000001
4 0.001815 0.006354 2.922662 r -0.001798 0.000803 -0.000318 1.000000
5 0.003078 0.009422 3.549439 r -0.002638 0.002073 -0.000319 0.999997
6 0.005775 0.013285 4.175831 r -0.003300 0.003045 -0.000257 0.999993
7 0.009909 0.017747 4.801629 r -0.003413 0.003824 -0.000223 0.999990
8 0.015031 0.022347 5.427240 r -0.003463 0.004440 -0.000205 0.999987
9 0.020759 0.026770 6.052787 r -0.003250 0.004777 -0.000160 0.999986
10 0.027140 0.030761 6.678546 r -0.002955 0.005305 -0.000125 0.999985
11 0.034171 0.034361 7.304208 r -0.002746 0.005812 -0.000103 0.999982
12 0.041411 0.037652 7.929608 r -0.002557 0.006030 -0.000100 0.999982
13 0.049115 0.040808 8.554831 r -0.002521 0.006193 -0.000089 0.999980
14 0.056897 0.043966 9.179929 r -0.002527 0.006239 -0.000088 0.999980
Residuals: 1.864486
Step 83
0 -0.000560 -0.000376 0.419351 r -0.000347 -0.000353 -0.000027 1.000002
1 -0.001055 -0.000074 1.045110 r -0.000567 0.000270 -0.000133 1.000002
2 -0.000650 0.000343 1.670677 r -0.000469 0.000731 -0.000227 1.000002
3 0.000342 0.001208 2.296687 r -0.001183 0.001204 -0.000287 1.000001
4 0.000960 0.004077 2.922415 r -0.001460 0.000615 -0.000309 1.000001
5 0.001974 0.006737 3.549167 r -0.002332 0.001870 -0.000309 0.999998
6 0.004403 0.010237 4.175538 r -0.003015 0.002833 -0.000245 0.999995
7 0.008261 0.014365 4.801320 r -0.003139 0.003610 -0.000209 0.999992
8 0.013108 0.018641 5.426921 r -0.003187 0.004233 -0.000191 0.999989
9 0.018574 0.022733 6.052430 r -0.002964 0.004583 -0.000145 0.999988
10 0.024717 0.026372 6.678155 r -0.002654 0.005129 -0.000109 0.999987
11 0.031534 0.029595 7.303794 r -0.002429 0.005653 -0.000087 0.999984
12 0.038583 0.032484 7.929187 r -0.002227 0.005885 -0.000084 0.999983
13 0.046112 0.035224 8.554410 r -0.002186 0.006056 -0.000073 0.999982
14 0.053723 0.037963 9.179513 r -0.002192 0.006103 -0.000073 0.999982
Residuals: 2.602582
Step 84
0 -0.000484 -0.000372 0.419185 r -0.000143 -0.000192 -0.000008 1.000002
1 -0.000729 -0.000317 1.044984 r -0.000337 0.000413 -0.000122 1.000003
2 -0.000139 -0.000187 1.670543 r -0.000227 0.000869 -0.000215 1.000002
3 0.001046 0.000343 2.296632 r -0.000871 0.001284 -0.000274 1.000002
4 0.001771 0.002773 2.922470 r -0.001071 0.000628 -0.000295 1.000001
5 0.002795 0.004888 3.549300 r -0.001873 0.001815 -0.000294 0.999999
6 0.005138 0.007756 4.175738 r -0.002501 0.002714 -0.000230 0.999996
7 0.008822 0.011191 4.801569 r -0.002592 0.003435 -0.000194 0.999994
8 0.013420 0.014744 5.427205 r -0.002629 0.004011 -0.000176 0.999991
9 0.018578 0.018116 6.052756 r -0.002413 0.004324 -0.000132 0.999991
10 0.024369 0.021060 6.678522 r -0.002121 0.004841 -0.000097 0.999989
11 0.030811 0.023624 7.304183 r -0.001921 0.005351 -0.000076 0.999987
12 0.037472 0.025890 7.929591 r -0.001737 0.005576 -0.000072 0.999986
13 0.044610 0.028025 8.554823 r -0.001705 0.005743 -0.000060 0.999985
14 0.051829 0.030163 9.179933 r -0.001711 0.005789 -0.000060 0.999985
Residuals: 3.535964
Step 85
0 -0.000450 -0.000383 0.418824 r 0.000253 -0.000082 0.000029 1.000002
1 -0.000554 -0.000817 1.044559 r 0.000060 0.000521 -0.000085 1.000003
2 0.000199 -0.001167 1.670111 r 0.000193 0.000967 -0.000179 1.000002
3 0.001514 -0.001159 2.296051 r -0.000443 0.001379 -0.000237 1.000002
4 0.002364 0.000737 2.921834 r -0.000631 0.000717 -0.000259 1.000002
5 0.003506 0.002298 3.548510 r -0.001416 0.001898 -0.000257 1.000000
6 0.005959 0.004589 4.174818 r -0.002027 0.002788 -0.000193 0.999997
7 0.009738 0.007425 4.800554 r -0.002098 0.003499 -0.000158 0.999995
8 0.014418 0.010353 5.426129 r -0.002114 0.004064 -0.000141 0.999992
9 0.019643 0.013073 6.051635 r -0.001879 0.004367 -0.000097 0.999992
10 0.025487 0.015339 6.677359 r -0.001570 0.004876 -0.000063 0.999990
11 0.031970 0.017205 7.302999 r -0.001357 0.005379 -0.000043 0.999988
12 0.038665 0.018761 7.928396 r -0.001165 0.005601 -0.000038 0.999987
13 0.045833 0.020178 8.553622 r -0.001129 0.005767 -0.000027 0.999986
14 0.053082 0.021594 9.178735 r -0.001133 0.005813 -0.000027 0.999985
Residuals: 1.997044
Step 86
0 -0.000451 -0.000433 0.418913 r 0.000636 0.000023 0.000038 1.000002
1 -0.000424 -0.001358 1.044666 r 0.000467 0.000649 -0.000074 1.000002
2 0.000500 -0.002227 1.670252 r 0.000619 0.001131 -0.000169 1.000001
3 0.002024 -0.002755 2.296193 r -0.000016 0.001551 -0.000227 1.000002
4 0.003090 -0.001398 2.921980 r -0.000204 0.000909 -0.000250 1.000002
5 0.004472 -0.000373 3.548642 r -0.000991 0.002092 -0.000247 1.000000
6 0.007168 0.001385 4.174931 r -0.001605 0.002984 -0.000183 0.999998
7 0.011193 0.003693 4.800643 r -0.001679 0.003695 -0.000148 0.999995
8 0.016119 0.006097 5.426191 r -0.001698 0.004261 -0.000130 0.999993
9 0.021594 0.008297 6.051697 r -0.001477 0.004563 -0.000086 0.999992
10 0.027684 0.010064 6.677419 r -0.001182 0.005069 -0.000052 0.999990
11 0.034407 0.011449 7.303055 r -0.000979 0.005567 -0.000032 0.999987
12 0.041334 0.012537 7.928452 r -0.000794 0.005784 -0.000027 0.999986
13 0.048729 0.013493 8.553679 r -0.000762 0.005948 -0.000016 0.999985
14 0.056203 0.014450 9.178786 r -0.000765 0.005994 -0.000015 0.999985
Residuals: 1.028301
Step 87
0 -0.000449 -0.000466 0.419207 r 0.000930 0.000149 0.000016 1.000001
1 -0.000267 -0.001760 1.044942 r 0.000762 0.000777 -0.000096 1.000002
2 0.000815 -0.002991 1.670547 r 0.000909 0.001288 -0.000194 1.000001
3 0.002542 -0.003871 2.296486 r 0.000268 0.001746 -0.000256 1.000001
4 0.003850 -0.002867 2.922251 r 0.000078 0.001109 -0.000279 1.000001
5 0.005482 -0.002182 3.548913 r -0.000714 0.002319 -0.000277 1.000000
6 0.008465 -0.000759 4.175203 r -0.001329 0.003237 -0.000214 0.999997
7 0.012813 0.001213 4.800917 r -0.001401 0.003974 -0.000179 0.999994
8 0.018096 0.003275 5.426467 r -0.001417 0.004563 -0.000163 0.999992
9 0.023949 0.005125 6.051962 r -0.001196 0.004869 -0.000119 0.999991
10 0.030424 0.006540 6.677672 r -0.000901 0.005378 -0.000085 0.999989
11 0.037536 0.007574 7.303298 r -0.000698 0.005879 -0.000064 0.999986
12 0.044856 0.008310 7.928686 r -0.000513 0.006098 -0.000060 0.999985
13 0.052645 0.008913 8.553905 r -0.000480 0.006262 -0.000049 0.999983
14 0.060513 0.009519 9.179008 r -0.000484 0.006309 -0.000048 0.999983
Residuals: 0.993932
Step 88
0 -0.000449 -0.000473 0.419491 r 0.001093 0.000226 0.000002 1.000001
1 -0.000172 -0.001956 1.045211 r 0.000926 0.000879 -0.000110 1.000002
2 0.001046 -0.003380 1.670828 r 0.001079 0.001428 -0.000210 1.000001
3 0.002970 -0.004468 2.296803 r 0.000449 0.001939 -0.000273 1.000001
4 0.004552 -0.003694 2.922574 r 0.000270 0.001360 -0.000297 1.000001
5 0.006530 -0.003256 3.549273 r -0.000517 0.002618 -0.000294 0.999999
6 0.009899 -0.002087 4.175580 r -0.001134 0.003554 -0.000230 0.999996
7 0.014655 -0.000366 4.801302 r -0.001215 0.004300 -0.000196 0.999993
8 0.020353 0.001457 5.426854 r -0.001245 0.004890 -0.000180 0.999990
9 0.026618 0.003089 6.052338 r -0.001041 0.005190 -0.000136 0.999989
10 0.033493 0.004311 6.678034 r -0.000763 0.005691 -0.000102 0.999987
11 0.040992 0.005177 7.303648 r -0.000575 0.006182 -0.000081 0.999984
12 0.048693 0.005761 7.929028 r -0.000395 0.006403 -0.000077 0.999983
13 0.056859 0.006222 8.554239 r -0.000368 0.006562 -0.000065 0.999981
14 0.065103 0.006687 9.179338 r -0.000372 0.006609 -0.000065 0.999981
Residuals: 0.801292
Step 89
0 -0.000433 -0.000515 0.419676 r 0.001278 0.000366 -0.000014 1.000001
1 0.000021 -0.002244 1.045419 r 0.001093 0.001044 -0.000126 1.000002
2 0.001437 -0.003881 1.671070 r 0.001218 0.001609 -0.000227 1.000000
3 0.003574 -0.005137 2.297071 r 0.000552 0.002135 -0.000291 1.000000
4 0.005395 -0.004490 2.922779 r 0.000366 0.001557 -0.000315 1.000001
5 0.007609 -0.004151 3.549499 r -0.000458 0.002838 -0.000314 0.999998
6 0.011261 -0.003028 4.175828 r -0.001110 0.003814 -0.000250 0.999996
7 0.016353 -0.001312 4.801572 r -0.001217 0.004601 -0.000216 0.999992
8 0.022437 0.000534 5.427141 r -0.001264 0.005226 -0.000201 0.999989
9 0.029122 0.002193 6.052612 r -0.001064 0.005532 -0.000157 0.999988
10 0.036425 0.003446 6.678294 r -0.000789 0.006036 -0.000123 0.999985
11 0.044358 0.004345 7.303891 r -0.000602 0.006531 -0.000103 0.999982
12 0.052505 0.004966 7.929266 r -0.000424 0.006764 -0.000098 0.999980
13 0.061124 0.005462 8.554468 r -0.000397 0.006925 -0.000087 0.999979
14 0.069820 0.005963 9.179561 r -0.000401 0.006972 -0.000087 0.999979
Residuals: 0.818716
Step 90
0 -0.000468 -0.000506 0.419860 r 0.001307 0.000259 -0.000038 1.000001
1 -0.000151 -0.002254 1.045632 r 0.001118 0.001002 -0.000153 1.000002
2 0.001230 -0.003903 1.671296 r 0.001237 0.001655 -0.000257 1.000000
3 0.003457 -0.005168 2.297366 r 0.000563 0.002277 -0.000323 1.000000
4 0.005499 -0.004526 2.923104 r 0.000364 0.001789 -0.000346 1.000000
5 0.008049 -0.004183 3.549888 r -0.000474 0.003143 -0.000342 0.999997
6 0.012106 -0.003039 4.176266 r -0.001143 0.004155 -0.000280 0.999994
7 0.017646 -0.001284 4.802050 r -0.001270 0.004965 -0.000248 0.999990
8 0.024198 0.000628 5.427642 r -0.001339 0.005595 -0.000233 0.999987
9 0.031351 0.002380 6.053096 r -0.001162 0.005896 -0.000189 0.999985
10 0.039111 0.003759 6.678761 r -0.000907 0.006390 -0.000155 0.999983
11 0.047484 0.004810 7.304345 r -0.000737 0.006873 -0.000134 0.999980
12 0.056054 0.005606 7.929714 r -0.000571 0.007096 -0.000130 0.999978
13 0.065083 0.006291 8.554909 r -0.000549 0.007251 -0.000118 0.999977
14 0.074186 0.006982 9.179995 r -0.000554 0.007297 -0.000118 0.999976
Residuals: 1.002582
Step 91
0 -0.000445 -0.000515 0.419842 r 0.001271 0.000357 -0.000070 1.000001
1 0.000008 -0.002230 1.045679 r 0.001068 0.001124 -0.000183 1.000002
2 0.001540 -0.003822 1.671384 r 0.001168 0.001787 -0.000286 1.000000
3 0.003922 -0.005001 2.297506 r 0.000469 0.002417 -0.000352 1.000000
4 0.006136 -0.004242 2.923155 r 0.000266 0.001930 -0.000375 1.000000
5 0.008846 -0.003763 3.549992 r -0.000603 0.003300 -0.000373 0.999997
6 0.013101 -0.002438 4.176420 r -0.001304 0.004349 -0.000311 0.999993
7 0.018890 -0.000460 4.802252 r -0.001462 0.005200 -0.000279 0.999989
8 0.025748 0.001711 5.427886 r -0.001556 0.005871 -0.000264 0.999985
9 0.033250 0.003739 6.053331 r -0.001385 0.006181 -0.000220 0.999984
10 0.041368 0.005399 6.678979 r -0.001135 0.006679 -0.000187 0.999981
11 0.050104 0.006738 7.304544 r -0.000968 0.007166 -0.000166 0.999977
12 0.059040 0.007824 7.929900 r -0.000804 0.007390 -0.000161 0.999976
13 0.068438 0.008801 8.555081 r -0.000784 0.007546 -0.000150 0.999974
14 0.077910 0.009786 9.180161 r -0.000790 0.007592 -0.000149 0.999974
Residuals: 0.416902
Step 92
0 -0.000486 -0.000514 0.419849 r 0.001196 0.000243 -0.000094 1.000001
1 -0.000189 -0.002126 1.045724 r 0.000972 0.001070 -0.000212 1.000002
2 0.001274 -0.003579 1.671441 r 0.001035 0.001805 -0.000319 1.000000
3 0.003689 -0.004566 2.297604 r 0.000291 0.002509 -0.000387 1.000000
4 0.006039 -0.003556 2.923265 r 0.000041 0.002093 -0.000411 1.000000
5 0.008978 -0.002768 3.550138 r -0.000869 0.003521 -0.000409 0.999996
6 0.013539 -0.001081 4.176612 r -0.001601 0.004620 -0.000352 0.999992
7 0.019688 0.001289 4.802474 r -0.001778 0.005499 -0.000322 0.999987
8 0.026934 0.003869 5.428129 r -0.001882 0.006185 -0.000307 0.999982
9 0.034833 0.006307 6.053565 r -0.001711 0.006498 -0.000263 0.999981
10 0.043356 0.008378 6.679197 r -0.001459 0.007000 -0.000229 0.999978
11 0.052503 0.010118 7.304750 r -0.001286 0.007491 -0.000206 0.999975
12 0.061850 0.011603 7.930098 r -0.001121 0.007717 -0.000202 0.999973
13 0.071658 0.012975 8.555270 r -0.001100 0.007874 -0.000190 0.999972
14 0.081542 0.014355 9.180346 r -0.001106 0.007921 -0.000190 0.999971
Residuals: 1.230567
Step 93
0 -0.000505 -0.000472 0.419686 r 0.000889 0.000194 -0.000121 1.000002
1 -0.000265 -0.001692 1.045615 r 0.000666 0.001073 -0.000243 1.000002
2 0.001220 -0.002755 1.671346 r 0.000727 0.001872 -0.000353 1.000000
3 0.003750 -0.003355 2.297585 r -0.000019 0.002646 -0.000422 0.999999
4 0.006277 -0.001955 2.923216 r -0.000273 0.002240 -0.000446 1.000000
5 0.009432 -0.000775 3.550157 r -0.001192 0.003712 -0.000443 0.999995
6 0.014252 0.001320 4.176679 r -0.001939 0.004834 -0.000388 0.999990
7 0.020688 0.004116 4.802576 r -0.002133 0.005729 -0.000358 0.999985
8 0.028236 0.007141 5.428245 r -0.002252 0.006418 -0.000344 0.999980
9 0.036431 0.010042 6.053662 r -0.002094 0.006724 -0.000301 0.999979
10 0.045239 0.012594 6.679287 r -0.001853 0.007215 -0.000268 0.999976
11 0.054653 0.014829 7.304836 r -0.001689 0.007696 -0.000245 0.999973
12 0.064252 0.016819 7.930172 r -0.001529 0.007914 -0.000241 0.999971
13 0.074302 0.018703 8.555337 r -0.001510 0.008066 -0.000230 0.999969
14 0.084425 0.020594 9.180408 r -0.001516 0.008113 -0.000229 0.999969
Residuals: 0.345519
Step 94
0 -0.000516 -0.000443 0.419428 r 0.000538 0.000224 -0.000142 1.000002
1 -0.000239 -0.001231 1.045397 r 0.000302 0.001141 -0.000266 1.000002
2 0.001327 -0.001835 1.671177 r 0.000336 0.001974 -0.000379 1.000000
3 0.003985 -0.001932 2.297479 r -0.000444 0.002780 -0.000452 0.999999
4 0.006677 0.000002 2.923101 r -0.000704 0.002376 -0.000477 0.999999
5 0.010007 0.001745 3.550079 r -0.001652 0.003875 -0.000476 0.999994
6 0.015041 0.004436 4.176634 r -0.002421 0.005024 -0.000424 0.999988
7 0.021725 0.007853 4.802555 r -0.002629 0.005940 -0.000396 0.999983
8 0.029545 0.011511 5.428239 r -0.002755 0.006645 -0.000384 0.999978
9 0.038030 0.015048 6.053644 r -0.002598 0.006962 -0.000343 0.999976
10 0.047138 0.018232 6.679261 r -0.002357 0.007457 -0.000309 0.999973
11 0.056856 0.021098 7.304800 r -0.002193 0.007940 -0.000287 0.999970
12 0.066761 0.023719 7.930127 r -0.002033 0.008159 -0.000284 0.999968
13 0.077119 0.026232 8.555285 r -0.002013 0.008312 -0.000272 0.999967
14 0.087552 0.028753 9.180348 r -0.002019 0.008359 -0.000272 0.999966
Residuals: 0.572206
Step 95
0 -0.000522 -0.000336 0.419134 r -0.000116 0.000173 -0.000171 1.000002
1 -0.000291 -0.000278 1.045158 r -0.000337 0.001134 -0.000297 1.000002
2 0.001295 -0.000065 1.670965 r -0.000274 0.002027 -0.000413 1.000000
3 0.004058 0.000605 2.297345 r -0.001015 0.002904 -0.000486 0.999998
4 0.006914 0.003254 2.922974 r -0.001242 0.002535 -0.000510 0.999998
5 0.010453 0.005665 3.550004 r -0.002161 0.004069 -0.000510 0.999992
6 0.015740 0.008984 4.176601 r -0.002909 0.005250 -0.000457 0.999986
7 0.022716 0.013001 4.802549 r -0.003107 0.006193 -0.000430 0.999980
8 0.030859 0.017247 5.428247 r -0.003232 0.006918 -0.000418 0.999974
9 0.039693 0.021375 6.053655 r -0.003083 0.007250 -0.000376 0.999973
10 0.049165 0.025164 6.679260 r -0.002855 0.007753 -0.000343 0.999970
11 0.059256 0.028655 7.304788 r -0.002703 0.008240 -0.000320 0.999966
12 0.069537 0.031918 7.930104 r -0.002553 0.008460 -0.000316 0.999965
13 0.080272 0.035087 8.555252 r -0.002540 0.008612 -0.000304 0.999963
14 0.091080 0.038266 9.180306 r -0.002547 0.008659 -0.000303 0.999963
Residuals: 0.670618
Step 96
0 -0.000493 -0.000295 0.418884 r -0.000486 0.000362 -0.000186 1.000002
1 -0.000023 0.000234 1.044960 r -0.000738 0.001325 -0.000314 1.000002
2 0.001794 0.000949 1.670861 r -0.000694 0.002208 -0.000429 1.000000
3 0.004772 0.002144 2.297278 r -0.001453 0.003073 -0.000502 0.999997
4 0.007837 0.005339 2.922855 r -0.001683 0.002702 -0.000525 0.999997
5 0.011581 0.008322 3.549929 r -0.002650 0.004240 -0.000524 0.999990
6 0.017080 0.012285 4.176580 r -0.003459 0.005432 -0.000470 0.999983
7 0.024284 0.017025 4.802588 r -0.003720 0.006388 -0.000441 0.999977
8 0.032661 0.022056 5.428334 r -0.003887 0.007115 -0.000427 0.999971
9 0.041732 0.027022 6.053776 r -0.003776 0.007449 -0.000383 0.999969
10 0.051449 0.031700 6.679405 r -0.003583 0.007955 -0.000347 0.999966
11 0.061792 0.036106 7.304927 r -0.003438 0.008441 -0.000324 0.999962
12 0.072326 0.040292 7.930234 r -0.003293 0.008661 -0.000319 0.999961
13 0.083313 0.044387 8.555372 r -0.003282 0.008813 -0.000307 0.999959
14 0.094372 0.048494 9.180418 r -0.003289 0.008859 -0.000306 0.999959
Residuals: 0.474563
Step 97
0 -0.000452 -0.000230 0.419279 r -0.000934 0.000521 -0.000159 1.000002
1 0.000223 0.000869 1.045344 r -0.001191 0.001492 -0.000286 1.000001
2 0.002257 0.002154 1.671178 r -0.001146 0.002383 -0.000402 0.999999
3 0.005460 0.003918 2.297554 r -0.001904 0.003253 -0.000474 0.999996
4 0.008756 0.007677 2.923115 r -0.002130 0.002883 -0.000498 0.999996
5 0.012733 0.011217 3.550172 r -0.003093 0.004420 -0.000497 0.999988
6 0.018472 0.015719 4.176786 r -0.003897 0.005597 -0.000444 0.999981
7 0.025886 0.020991 4.802760 r -0.004156 0.006530 -0.000415 0.999974
8 0.034442 0.026564 5.428489 r -0.004323 0.007251 -0.000402 0.999968
9 0.043682 0.032072 6.053854 r -0.004212 0.007578 -0.000358 0.999966
10 0.053558 0.037294 6.679412 r -0.004021 0.008078 -0.000322 0.999963
11 0.064053 0.042248 7.304911 r -0.003878 0.008560 -0.000299 0.999960
12 0.074732 0.046984 7.930199 r -0.003734 0.008776 -0.000295 0.999958
13 0.085861 0.051631 8.555323 r -0.003723 0.008927 -0.000283 0.999957
14 0.097062 0.056291 9.180360 r -0.003731 0.008972 -0.000282 0.999956
Residuals: 0.339291
Step 98
0 -0.000427 -0.000223 0.419851 r -0.001159 0.000638 -0.000131 1.000001
1 0.000396 0.001141 1.045935 r -0.001420 0.001602 -0.000261 1.000001
2 0.002559 0.002698 1.671793 r -0.001384 0.002478 -0.000378 0.999999
3 0.005865 0.004748 2.298192 r -0.002160 0.003333 -0.000452 0.999995
4 0.009245 0.008838 2.923776 r -0.002429 0.002961 -0.000476 0.999995
5 0.013304 0.012783 3.550873 r -0.003453 0.004507 -0.000476 0.999987
6 0.019135 0.017770 4.177542 r -0.004321 0.005698 -0.000421 0.999978
7 0.026660 0.023602 4.803557 r -0.004634 0.006646 -0.000389 0.999971
8 0.035354 0.029813 5.429317 r -0.004857 0.007389 -0.000371 0.999964
9 0.044771 0.036038 6.054705 r -0.004804 0.007746 -0.000321 0.999962
10 0.054865 0.042012 6.680269 r -0.004630 0.008258 -0.000284 0.999959
11 0.065600 0.047737 7.305778 r -0.004500 0.008760 -0.000260 0.999955
12 0.076538 0.053275 7.931069 r -0.004382 0.008986 -0.000254 0.999954
13 0.087931 0.058737 8.556185 r -0.004376 0.009138 -0.000241 0.999952
14 0.099398 0.064215 9.181212 r -0.004385 0.009185 -0.000240 0.999952
Residuals: 1.525930
Step 99
0 -0.000431 -0.000197 0.420133 r -0.001439 0.000679 -0.000090 1.000001
1 0.000441 0.001516 1.046212 r -0.001701 0.001643 -0.000221 1.000000
2 0.002653 0.003424 1.672042 r -0.001666 0.002521 -0.000338 0.999998
3 0.006012 0.005831 2.298433 r -0.002447 0.003379 -0.000413 0.999995
4 0.009448 0.010289 2.924056 r -0.002735 0.003026 -0.000438 0.999994
5 0.013591 0.014627 3.551195 r -0.003784 0.004590 -0.000441 0.999985
6 0.019531 0.020038 4.177909 r -0.004679 0.005795 -0.000389 0.999976
7 0.027179 0.026327 4.803965 r -0.005018 0.006749 -0.000359 0.999969
8 0.036005 0.033030 5.429764 r -0.005266 0.007493 -0.000342 0.999962
9 0.045551 0.039767 6.055091 r -0.005214 0.007849 -0.000293 0.999960
10 0.055773 0.046254 6.680629 r -0.005040 0.008361 -0.000255 0.999957
11 0.066636 0.052492 7.306115 r -0.004909 0.008861 -0.000232 0.999953
12 0.077701 0.058541 7.931373 r -0.004791 0.009088 -0.000226 0.999951
13 0.089221 0.064513 8.556478 r -0.004783 0.009240 -0.000213 0.999949
14 0.100815 0.070501 9.181500 r -0.004793 0.009287 -0.000212 0.999949
Residuals: 0.800585
Step 100
0 -0.000424 -0.000173 0.420371 r -0.001712 0.000743 -0.000043 1.000000
1 0.000527 0.001881 1.046448 r -0.001976 0.001707 -0.000175 1.000000
2 0.002819 0.004135 1.672273 r -0.001943 0.002585 -0.000294 0.999997
3 0.006263 0.006887 2.298669 r -0.002727 0.003449 -0.000374 0.999994
4 0.009787 0.011697 2.924263 r -0.003017 0.003095 -0.000401 0.999993
5 0.014024 0.016379 3.551419 r -0.004073 0.004655 -0.000411 0.999984
6 0.020053 0.022136 4.178148 r -0.004977 0.005844 -0.000367 0.999975
7 0.027750 0.028796 4.804222 r -0.005327 0.006774 -0.000343 0.999967
8 0.036606 0.035882 5.430020 r -0.005577 0.007509 -0.000328 0.999960
9 0.046170 0.043006 6.055346 r -0.005527 0.007854 -0.000280 0.999958
10 0.056380 0.049903 6.680913 r -0.005383 0.008340 -0.000250 0.999955
11 0.067202 0.056562 7.306419 r -0.005244 0.008816 -0.000228 0.999951
12 0.078183 0.063048 7.931672 r -0.005147 0.009013 -0.000221 0.999950
13 0.089594 0.069471 8.556791 r -0.005142 0.009144 -0.000209 0.999948
14 0.101067 0.075907 9.181811 r -0.005151 0.009190 -0.000207 0.999948
Residuals: 2.068177
# Kernel took: 489426806135	 Simulation took: 489426834409
